 ,No.,Deletion,Glucose (aerobe),Galactose,Glycerol,Ethanol
 ,1,YAL012W,0.0,0.9991506987812652,0.9999219434044968,0.9989497439994055
 ,2,YDR384C,0.9999999998414151,0.0,0.0,0.9999999986455514
 ,3,YHR163W,0.0,0.0,0.0,0.0
 ,4,YOR011W,0.0,0.0,0.0,0.0
 ,5,YDR050C,0.0,0.24478490672324957,0.41255421760867755,0.0
 ,6,YMR323W,0.0,0.0,0.0,0.0
 ,7,YLL062C,0.0,0.0,0.0,0.0
 ,8,YHR067W,0.0,0.9999999999577261,0.0,0.0
 ,9,YBR213W,0.0,0.0,0.0,0.0
 ,10,YDR481C,0.0,0.0,0.0,0.0
 ,11,YER014W,0.0,0.0,0.0,0.0
 ,12,YMR205C,0.0,0.0,0.0,1.0000000030442229
 ,13,YIL094C,0.0,0.0,0.0,0.0
 ,14,YCR005C,0.0,0.9999999998421365,0.0,0.0
 ,15,YPL040C,0.0,0.0,0.0,0.0
 ,16,YNL003C,0.999999999502397,0.9999999997332408,0.0,1.000000005098296
 ,17,YDR503C,0.0,0.0,0.0,0.0
 ,18,YJL212C,0.0,0.0,0.0,0.0
 ,19,YPL244C,0.0,0.0,0.0,0.0
 ,20,YDL238C,0.9999999987375604,0.9999999993516474,0.9999999999999853,1.0000000043398867
 ,21,YJR153W,0.0,0.0,0.0,0.0
 ,22,YLR089C,0.0,0.0,0.0,0.9999999999283509
 ,23,YDR513W,0.0,0.0,0.0,0.0
 ,24,YEL058W,0.0,0.0,0.0,0.0
 ,25,YKL024C,0.0,0.0,0.0,-9.792482120270752e-10
 ,26,YLR395C,0.0,0.0,0.0,0.0
 ,27,YDR305C,0.9999999996796098,0.0,0.0,0.0
 ,28,YLR348C,0.0,0.0,0.0,0.999999999829009
 ,29,YBR121C,0.0,0.0,0.0,0.0
 ,30,YEL042W,0.0,0.0,0.0,0.0
 ,31,YLR382C,0.0,0.0,0.0,0.0
 ,32,YKL188C,0.9999999996049376,0.0,0.0,0.9999999994774839
 ,33,YFL045C,0.0,0.0,0.0,0.0
 ,34,YMR015C,0.9999999986711071,0.0,0.9999999992785212,0.0
 ,35,YBL033C,0.0,1.1427256567545637e-07,0.0,0.0
 ,36,Q0085,0.0,0.0,0.0,0.0
 ,37,YBR117C,0.0,0.0,0.0,1.0000000172082797
 ,38,YIL124W,0.0,0.9999999999377586,1.0000000087936014,0.9999999994774561
 ,39,Q0080,0.0,0.0,0.0,0.0
 ,40,YGR194C,0.0,0.0,0.0,0.0
 ,41,YMR009W,0.0,0.0,0.0,0.0
 ,42,YPL274W,0.0,0.0,0.0,0.0
 ,43,YAR073W,0.0,0.0,0.0,0.0
 ,44,YJL219W,0.0,0.0,0.0,0.0
 ,45,YEL051W,0.0,0.0,0.0,0.0
 ,46,YDR046C,0.0,0.0,0.0,0.0
 ,47,YKL203C,0.0,0.0,0.0,0.0
 ,48,YOR202W,0.0,0.0,0.0,0.0
 ,49,YGL245W,0.0,0.0,0.0,0.0
 ,50,YER081W,0.0,0.0,0.0,0.0
 ,51,YJL070C,0.0,0.0,0.0,0.0
 ,52,YNL241C,0.0,0.0,0.0,0.0
 ,53,YER070W,0.0,0.9999999997945821,0.0,0.0
 ,54,YPL262W,0.0,0.0,0.0,0.0
 ,55,YPL036W,0.0,0.0,0.0,0.0
 ,56,YKL029C,0.0,0.0,1.0000000024409432,0.0
 ,57,YHR025W,0.0,0.0,0.0,0.0
 ,58,YHL036W,0.0,0.0,0.0,0.0
 ,59,YML056C,0.0,0.0,0.0,0.0
 ,60,YML059C,0.0,0.0,1.0000000001941205,0.9999999998039307
 ,61,YIL074C,0.0,0.0,0.0,0.0
 ,62,YKL104C,0.0,0.0,0.0,0.0
 ,63,YCL040W,0.0,0.0,0.0,0.0
 ,64,YLR447C,0.0,0.0,0.0,0.0
 ,65,YOL058W,0.0,0.0,0.0,0.0
 ,66,YAR035W,0.0,0.0,0.0,0.0
 ,67,YCR012W,0.0,0.0,0.0,0.0
 ,68,YOL156W,0.0,0.0,0.0,0.0
 ,69,Q0275,0.0,0.0,0.0,0.0
 ,70,YPR074C,0.0,0.0,0.0,0.0
 ,71,YPR128C,0.0,1.0000000000104292,0.9999999963077743,0.0
 ,72,YGR244C,0.9864981013742039,0.0,0.0,0.9999999994774519
 ,73,YDR354W,0.0,0.0,0.0,0.0
 ,74,YJR049C,0.0,0.0,0.0,0.0
 ,75,YGR020C,0.0,0.0,0.0,0.0
 ,76,YGR121C,0.0,0.0,0.0,0.0
 ,77,YHR042W,0.0,0.0,0.0,0.0
 ,78,YMR289W,0.9999999995532177,0.0,0.9999999997238245,1.0000000060305125
 ,79,YPR002W,0.0,1.0000000000259064,0.0,0.0
 ,80,YDR242W,0.0,0.0,0.0,0.0
 ,81,YCR083W,0.0,0.999999999915925,1.0000000002258091,0.0
 ,82,YKR067W,0.0,0.0,0.0,0.0
 ,83,YJL198W,0.0,0.0,0.0,0.0
 ,84,YNL267W,0.0,0.9999999925261271,0.9999999742398238,0.0
 ,85,YPL104W,0.0,0.0,0.0,0.0
 ,86,YAL054C,0.0,0.999999999717115,0.0,0.0
 ,87,YOR192C,0.0,0.0,0.0,0.0
 ,88,YER052C,0.0,0.0,0.0,0.0
 ,89,YDL185W,0.0,0.0,0.0,0.0
 ,90,YMR202W,0.9999999997073563,0.9999999999870698,0.0,0.9999999991038158
 ,91,YGL062W,0.0,0.0,0.0,0.0
 ,92,YER003C,0.0,0.0,0.0,0.0
 ,93,YBR252W,1.0000000002771967,0.0,0.0,0.0
 ,94,YDR173C,0.9999999995826119,1.0000000000168736,0.0,0.9999999988138907
 ,95,YCL030C,0.0,0.0,1.0,1.0
 ,96,YDL021W,0.0,0.0,0.0,0.0
 ,97,YDR399W,0.9999999995646632,0.9999999998059342,0.9999999977405967,0.0
 ,98,YLR043C,0.0,0.0,0.0,0.0
 ,99,YBR029C,0.0,0.0,0.0,0.0
 ,100,YGL037C,0.0,0.0,0.0,1.0000000041017074
 ,101,YPL268W,0.9999999994131642,0.0,0.999999998404095,0.0
 ,102,YOR120W,0.0,0.0,0.9837533279195858,0.0
 ,103,YBR263W,0.0,0.0,0.0,0.9921809081075451
 ,104,YBR035C,0.0,0.9999999998962167,0.0,1.0000000019854938
 ,105,YOL086C,0.0,0.0,0.0,0.0
 ,106,YMR113W,0.0,0.0,0.0,0.0
 ,107,YLR300W,0.0,0.0,0.0,0.0
 ,108,YMR084W,0.0,0.0,0.0,0.0
 ,109,YDR019C,0.9999999993985837,0.0,0.0,0.0
 ,110,YGR010W,0.9999999992893265,0.0,0.9999999997478988,0.0
 ,111,YBR019C,0.0,0.0,0.9999999976518635,0.0
 ,112,YER119C,0.0,0.0,0.0,0.0
 ,113,YDR380W,0.0,0.0,0.0,0.0
 ,114,YGR191W,0.0,0.0,0.0,0.0
 ,115,YAL060W,0.9999999998118744,0.0,1.00000000115922,0.0
 ,116,YMR006C,0.0,0.0,0.0,0.0
 ,117,YJR130C,0.0,0.9999999997515023,0.9999999975556795,0.9999999906029791
 ,118,YOR388C,0.0,0.0,0.0,0.0
 ,119,YHR063C,0.9999999995054335,0.0,0.0,0.0
 ,120,YIL172C,0.0,0.0,0.0,0.0
 ,121,YLR011W,0.0,0.0,0.0,0.0
 ,122,YJL134W,0.0,0.0,0.0,0.0
 ,123,YKL146W,0.0,0.0,0.0,0.0
 ,124,YBL068W,0.0,0.0,0.0,0.0
 ,125,YPR183W,0.0,0.0,0.0,0.0
 ,126,YHR104W,0.0,0.0,0.9999999984668568,0.9999999994774581
 ,127,YDL004W,0.0,0.0,0.0,0.0
 ,128,YEL017C-A,0.0,0.0,1.0000000003690248,0.0
 ,129,YJL166W,0.0,0.0,0.0,0.0
 ,130,YJL200C,0.0,0.0,0.0,0.0
 ,131,YKL080W,0.0,0.0,0.0,0.0
 ,132,YDR403W,0.0,0.0,0.9999999979522575,0.0
 ,133,YGR096W,0.0,0.0,0.0,0.0
 ,134,YPL059W,0.9999999993881755,0.9999999990057479,0.9999999973913117,0.9999999968774861
 ,135,YLR377C,0.0,1.0000000001851899,0.0,0.0
 ,136,YGL205W,0.0,0.99999999984951,0.0,0.0
 ,137,YIL125W,0.9864981013742039,0.0,1.000000000266567,0.0
 ,138,YDL210W,0.0,0.0,0.0,0.0
 ,139,YDR376W,0.0,0.0,0.0,0.0
 ,140,YKR058W,0.0,0.0,0.0,0.0
 ,141,YKL194C,0.0,0.0,0.0,0.0
 ,142,YHR208W,0.999999999733021,1.0000000002231395,1.0000000000000024,0.0
 ,143,YNR013C,0.0,0.0,0.0,0.0
 ,144,YPL148C,0.0,0.0,0.0,0.0
 ,145,YPL271W,0.0,0.0,0.0,0.0
 ,146,YLL061W,0.0,0.0,0.0,1.0000000172082797
 ,147,YAL062W,0.0,0.0,0.0,0.0
 ,148,YLR237W,0.0,0.0,0.0,0.0
 ,149,YDR531W,0.9999999995952136,0.0,0.0,0.0
 ,150,YIL013C,0.0,0.0,0.0,0.0
 ,151,YFL055W,0.0,0.0,0.0,0.0
 ,152,YOL136C,0.0,0.0,0.0,0.0
 ,153,YOR221C,0.0,0.9999999999577261,0.0,0.0
 ,154,YOR071C,0.0,0.0,0.0,0.0
 ,155,YPL214C,0.0,0.0,0.0,0.9999999994774834
 ,156,YBR293W,0.0,0.0,0.0,0.0
 ,157,YGL084C,0.0,0.0,0.0,0.0
 ,158,YPL092W,0.0,0.0,0.0,0.9999999988305375
 ,159,YGR019W,0.9999999997167353,0.0,0.0,0.0
 ,160,YGL191W,0.0,0.0,0.0,0.0
 ,161,YOL064C,0.0,0.0,0.0,0.9999999998881138
 ,162,YDL142C,0.0,0.0,0.0,0.0
 ,163,YMR056C,0.0,0.0,0.0,0.0
 ,164,YJR001W,0.0,0.9999999995117791,0.0,0.9999999991370389
 ,165,YHR123W,0.0,0.0,0.0,0.0
 ,166,YDL174C,0.0,0.0,0.0,0.0
 ,167,YER091C,0.0,0.0,1.0000000000176994,0.0
 ,168,YGR256W,0.0,0.0,0.0,0.0
 ,169,YLR209C,0.0,0.9999999998454676,0.0,0.9999999978770803
 ,170,YDL103C,0.0,0.0,0.0,0.0
 ,171,YOR128C,0.0,0.0,0.0,0.0
 ,172,YDL171C,0.0,0.0,0.0,0.9999999997979997
 ,173,YML082W,0.9999999999979828,0.0,0.0,0.0
 ,174,YBR021W,0.0,0.0,0.0,0.0
 ,175,YLL057C,0.0,0.0,0.0,0.0
 ,176,YEL039C,0.0,0.0,0.0,0.0
 ,177,YPL061W,0.0,0.0,0.0,0.0
 ,178,YBR296C,0.0,0.0,0.0,0.0
 ,179,YLR308W,0.0,0.0,0.0,0.0
 ,180,YDR454C,1.6284595418919008e-10,0.0,0.0,0.0
 ,181,YNL277W,0.9999999995536042,0.0,1.000000000674841,0.0
 ,182,YER055C,0.0,0.0,0.0,0.0
 ,183,YHR011W,0.0,0.0,0.0,0.0
 ,184,YLL012W,0.0,0.0,0.0,0.0
 ,185,YLR438W,0.0,0.9994849956352079,0.0,0.999642360765815
 ,186,YJL052W,0.0,0.0,0.0,0.0
 ,187,YJL088W,0.0,0.0,0.0,0.0
 ,188,YDR226W,5.348153351200069e-13,4.425834292207129e-11,-2.4340569326832194e-10,0.0
 ,189,YJR105W,0.9997660402138066,0.0,0.0,0.0
 ,190,YGL186C,0.0,0.0,0.0,0.0
 ,191,YMR062C,0.0,0.0,0.0,2.2261502181860869e-10
 ,192,YDR234W,0.0,0.0,0.0,0.0
 ,193,YGR209C,0.0,0.0,0.0,0.0
 ,194,YLR305C,0.0,0.0,0.0,0.0
 ,195,YOL140W,0.0,0.0,0.0,2.2261502181860869e-10
 ,196,YIR029W,0.0,0.0,0.0,0.0
 ,197,YGR155W,0.999150698504992,0.0,0.99992194834872,0.9989497432331615
 ,198,YBR036C,0.0,0.0,0.0,0.0
 ,199,YMR300C,0.0,0.0,0.0,0.0
 ,200,YGR032W,0.0,0.0,0.0,0.0
 ,201,YGR267C,0.0,0.0,0.0,0.0
 ,202,YGR125W,0.0,0.0,0.0,0.0
 ,203,YNL292W,0.0,0.0,0.0,0.0
 ,204,YLR342W,0.0,0.0,0.0,0.0
 ,205,YPR006C,0.0,1.0000000000259064,0.0,0.0
 ,206,YCR028C,0.0,0.0,0.0,0.0
 ,207,YJL153C,0.0,0.0,0.0,0.0062042381300637045
 ,208,YML054C,0.0,0.0,0.0,0.0
 ,209,YAL023C,0.0,0.0,0.0,0.0
 ,210,YDL181W,0.0,0.0,0.0,0.0
 ,211,YHR074W,0.9999999999271776,0.0,0.0,0.0
 ,212,YFR030W,0.0,0.0,0.0,0.0
 ,213,YBR256C,0.0,0.0,0.0,0.0
 ,214,YPR113W,0.0,0.0,0.0,0.0
 ,215,YOR236W,0.0,0.0,0.0,6.520691222621053e-09
 ,216,YBR038W,0.0,0.0,0.0,0.0
 ,217,YBR244W,0.0,0.0,0.0,0.0
 ,218,YPL053C,0.0,0.0,0.0,0.0
 ,219,YMR246W,0.0,0.0,0.0,0.0
 ,220,YPR020W,0.0,0.0,0.0,0.0
 ,221,YKL085W,0.0,0.0,0.0,0.9999999994774476
 ,222,YLR027C,0.0,0.0,0.9922681907606329,0.0
 ,223,YBR284W,0.0,0.0,0.0,0.0
 ,224,YEL047C,0.0,0.0,0.0,0.9999999980984464
 ,225,YLR351C,0.0,0.0,0.0,0.0
 ,226,YBL064C,0.0,0.999999999915925,1.0000000002258091,0.0
 ,227,YPR036W,0.0,0.0,0.0,0.0
 ,228,YNL130C,0.0,0.0,0.0,0.0
 ,229,YHR018C,0.0,0.0,0.0,0.0
 ,230,YDR408C,0.0,0.0,0.0,0.0
 ,231,YLR157C,0.0,0.0,0.0,0.0
 ,232,YHR002W,0.0,0.999051077915351,0.9991030833793944,0.0
 ,233,YBR126C,0.0,0.0,0.0,0.0
 ,234,YLL041C,0.0,0.0,0.9999999999247318,3.373301380520528e-09
 ,235,YDL055C,0.0,0.0,0.0,0.0
 ,236,YGL202W,0.0,0.0,0.0,0.0
 ,237,YNL141W,0.0,0.9999999999577334,0.0,0.9999999901490308
 ,238,YMR318C,0.0,0.0,0.0,0.0
 ,239,YCL018W,0.0,0.0,0.0,0.0
 ,240,YBR294W,0.0,0.0,0.0,0.0
 ,241,YDL067C,0.0,0.0,0.0,0.0
 ,242,YJL130C,0.0,0.9999999997459492,0.999999998404095,0.0
 ,243,YKL060C,0.0,0.0,3.0862141057468624e-09,0.0
 ,244,YOL020W,0.0,0.0,0.0,0.0
 ,245,YDR135C,0.0,0.0,0.0,0.0
 ,246,YFL011W,0.0,0.0,0.0,0.0
 ,247,YEL021W,0.0,0.0,0.0,0.0
 ,248,YBL030C,0.0,0.0,0.0,0.0
 ,249,YMR256C,0.0,0.0,0.0,0.0
 ,250,YJR159W,0.0,1.0000000000259732,0.0,0.9999999994774528
 ,251,YNL270C,0.0,0.0,0.0,0.0
 ,252,YJL071W,0.0,0.0,0.0,0.0
 ,253,YKL182W,0.0,0.0,0.0,0.0
 ,254,YOR303W,0.0,0.0,0.0,0.0
 ,255,YPL275W,0.0,0.0,0.0,0.0
 ,256,YFR025C,0.0,0.0,0.0,0.0
 ,257,YMR013C,0.0,0.0,0.0,0.0
 ,258,YDR322C-A,0.0,0.0,0.0,0.0
 ,259,YER073W,0.0,0.0,0.0,0.0
 ,260,YLR260W,0.0,0.0,0.0,0.0
 ,261,YPL117C,-1.116217936474531e-10,0.0,0.0,0.0
 ,262,YGR007W,0.0,0.0,0.0,0.0
 ,263,YKL152C,0.0,0.0,0.0,0.0
 ,264,YLR450W,0.0,0.0,0.0,0.0
 ,265,YJR019C,0.0,0.9999999998753786,0.9999999988355788,0.9999999925287897
 ,266,YBL098W,0.0,0.0,0.9999999999452778,0.0
 ,267,YDL095W,0.0,0.0,0.0,0.0
 ,268,YOR270C,0.0,0.0,0.0,0.0
 ,269,YGL224C,0.9999999998637542,0.0,0.0,1.0000000007639935
 ,270,YNL268W,0.0,0.0,0.0,0.0
 ,271,YHR020W,0.0,0.0,0.0,0.0
 ,272,YKR039W,0.0,0.0,0.0,0.0
 ,273,YPL087W,0.0,0.0,0.0,0.0
 ,274,YDL178W,0.0,0.0,0.0,0.9999999982971295
 ,275,YLL043W,0.0,0.0,0.9999999985032125,0.999999999320439
 ,276,YPL258C,0.0,0.0,0.0,0.0
 ,277,YNR056C,0.0,0.0,0.0,0.0
 ,278,YML086C,0.0,0.0,0.0,0.0
 ,279,YPL097W,0.0,0.0,0.0,0.0
 ,280,YDR268W,0.0,0.0,0.0,0.0
 ,281,YJL216C,0.0,0.0,0.0,0.0
 ,282,YJL221C,0.0,0.0,0.0,0.0
 ,283,YER141W,0.0,0.0,0.0,0.0
 ,284,YDR204W,0.0,0.0,1.0000000018610924,0.0
 ,285,YNL220W,2.600657781006149e-11,0.0,0.0,2.0519765941563254e-09
 ,286,YMR293C,0.0,0.0,0.0,0.0
 ,287,YDR343C,0.0,0.0,0.0,0.0
 ,288,YGR060W,1.108335581592763e-10,3.0941313901409666e-10,0.0,1.3845006374716083e-08
 ,289,YAL038W,0.0,0.0,0.0,0.0
 ,290,YCL064C,0.0,0.0,0.0,0.0
 ,291,YER174C,0.0,0.0,0.0,0.0
 ,292,YGL119W,0.0,0.0,1.0000000018610924,0.0
 ,293,YML126C,0.0,0.0,0.0,0.0
 ,294,YHR044C,0.0,0.0,0.0,0.0
 ,295,YFR019W,0.0,0.9999999996211582,0.0,1.0000000037470453
 ,296,YNR019W,0.0,0.0,0.0,0.0
 ,297,YJR152W,0.0,0.0,0.0,0.0
 ,298,YBR199W,0.0,0.0,0.0,0.0
 ,299,YJR109C,0.0,0.0,0.0,0.0
 ,300,YCR048W,0.0,0.0,0.9999999992276001,0.0
 ,301,YDL182W,0.0,0.0,0.0,0.0
 ,302,YER069W,0.0,0.0,0.0,2.2261502181860869e-10
 ,303,YJR148W,0.0,0.0,0.0,0.0
 ,304,YIL111W,0.0,0.0,0.0,0.0
 ,305,YOL097C,0.0,0.0,0.0,0.0
 ,306,YBR153W,0.0,1.1427256567545637e-07,0.0,0.0
 ,307,YLR354C,0.0,0.0,0.0,0.0
 ,308,YKR069W,0.0,0.0,0.0,0.0
 ,309,YJR158W,0.0,0.0,0.0,0.0
 ,310,YPR033C,0.0,0.0,0.0,0.0
 ,311,YMR085W,0.0,0.0,0.0,0.0
 ,312,YGL154C,0.0,0.0,0.0,0.0
 ,313,YPR062W,0.0,0.0,0.0,0.0
 ,314,YHR039C-A,0.0,0.0,0.0,0.0
 ,315,YNL202W,0.9999999996064692,0.0,0.0,0.0
 ,316,YER023W,0.0,0.0,0.0,0.0
 ,317,YBR026C,0.0,0.9999999999577261,0.0,0.0
 ,318,YCR034W,0.0,0.0,0.0,0.0
 ,319,YER060W,0.0,0.0,0.0,0.0
 ,320,YBR069C,0.0,0.0,0.0,0.0
 ,321,YGR177C,0.0,0.0,0.0,0.0
 ,322,YJR133W,0.0,0.0,0.0,0.9999999996849464
 ,323,YBR176W,0.9999999999604381,0.0,1.0000000001455434,0.9999999994774644
 ,324,YGL040C,0.0,0.0,0.0,0.0
 ,325,YLR133W,0.0,0.9999999997937388,0.9999999996987111,0.0
 ,326,YDL215C,0.0,0.9999999998116814,1.0000000011642485,0.9999999985137543
 ,327,YML004C,0.0,0.0,0.0,1.000000000974668
 ,328,YPL057C,0.0,0.0,0.0,0.0
 ,329,YDR058C,0.0,0.0,0.0,0.0
 ,330,YDR315C,0.0,0.0,0.0,0.0
 ,331,YGR255C,0.0,0.0,1.0000000018610924,0.0
 ,332,YBR161W,0.0,0.0,0.0,0.0
 ,333,YNL169C,0.9995731371366938,0.0,0.9995965427738752,0.9997035776578964
 ,334,YCL069W,0.0,0.0,0.0,0.0
 ,335,YNL104C,0.0,0.0,1.0000000001662332,0.0
 ,336,YML081C-A,0.0,0.0,0.0,0.0
 ,337,YDL045C,0.9999999998235826,0.9999999996703137,1.0000000014992683,0.0
 ,338,YLR180W,0.0,0.0,0.0,0.0
 ,339,YOR245C,0.0,0.0,0.0,0.0
 ,340,YGR282C,0.0,0.0,0.0,0.0
 ,341,YDL198C,0.0,0.0,0.0,0.0
 ,342,YOR180C,0.0,0.0,0.0,0.0
 ,343,YNR043W,-1.2646730395097463e-10,0.0,-4.133907338327333e-12,0.0
 ,344,YOR360C,0.0,0.0,0.0,0.0
 ,345,YOR335C,0.0,0.0,0.0,0.0
 ,346,UNKNOWN,0.0,0.0,0.0,0.0
 ,347,YGR204W,0.0,0.0,0.0,0.0
 ,348,YJL005W,0.0,0.0,0.0,1.000000000600658
 ,349,YOL065C,0.0,0.0,0.0,0.0
 ,350,YPL028W,0.0,0.0,0.0,0.0
 ,351,YFL001W,0.0,0.0,0.0,0.0
 ,352,YKL217W,0.0,0.0,1.0000000003937342,0.9999999993140771
 ,353,YJR016C,0.0,0.0,0.0,0.0
 ,354,YDL100C,0.9999999995137429,0.0,0.0,0.9999999987389078
 ,355,YOR095C,0.0,0.0,1.427504933827857e-10,0.0
 ,356,YEL038W,0.0,0.0,0.0,0.0
 ,357,YGR185C,0.0,0.0,0.0,0.0
 ,358,YOR377W,0.0,0.0,0.0,0.0
 ,359,YPL265W,0.0,0.0,0.0,0.0
 ,360,YML008C,0.9999999995746628,0.0,0.0,0.0
 ,361,YDR441C,0.0,0.0,0.0,0.0
 ,362,YMR296C,0.0,0.0,0.0,1.000000002799663
 ,363,YPL023C,0.0,0.0,0.0,0.0
 ,364,YER090W,0.0,0.0,0.0,0.0
 ,365,YGR199W,0.0,0.0,0.0,0.0
 ,366,YPL212C,0.0,0.0,0.0,0.0
 ,367,YMR145C,0.0,0.0,0.0,0.0
 ,368,YNL280C,1.108335581592763e-10,3.0941313901409666e-10,0.0,1.3845006374716083e-08
 ,369,YDR007W,0.0,0.0,0.0,0.0
 ,370,YIL160C,0.0,0.0,0.0,0.0
 ,371,YNR072W,0.0,0.0,0.0,0.0
 ,372,YML022W,0.0,0.0,0.0,0.0
 ,373,YDR062W,0.0,0.0,0.0,1.000000002799663
 ,374,YPR159W,0.0,0.0,0.0,0.0
 ,375,YDR017C,0.9999999997314086,0.9999999998716984,0.0,0.0
 ,376,YMR303C,0.0,0.0,1.0000000005810052,0.0
 ,377,YML123C,0.0,0.0,0.0,0.0
 ,378,YPR167C,0.0,0.0,0.0,0.0
 ,379,YER087W,0.0,0.0,0.0,0.0
 ,380,YHR190W,0.0,0.0,0.0,0.0
 ,381,YHL011C,0.0,0.0,0.0,0.0
 ,382,YMR313C,0.0,0.0,0.0,0.0
 ,383,YGR143W,0.0,0.0,0.0,0.0
 ,384,YHR007C,1.108335581592763e-10,3.0941313901409666e-10,0.0,1.3845006374716083e-08
 ,385,YBR205W,0.0,0.0,0.0,0.0
 ,386,YOR163W,0.9999999997314086,0.9999999998716984,0.0,0.0
 ,387,YOR321W,0.0,0.0,0.0,0.0
 ,388,YBR003W,0.0,0.0,1.0000000018610924,0.0
 ,389,YDL085W,0.0,0.0,0.0,0.0
 ,390,YBR183W,0.0,0.0,0.0,0.0
 ,391,YGL256W,0.0,0.0,0.0,0.0
 ,392,YGR260W,0.0,0.9999999995194753,1.0000000003071923,0.0
 ,393,YER099C,0.0,0.0,0.0,0.0
 ,394,YBL013W,0.0,0.0,0.0,0.0
 ,395,YJR048W,0.0,0.0,0.0,0.0
 ,396,YNL256W,0.0,0.0,0.0,0.0
 ,397,YLR174W,0.0,0.0,0.0,0.0
 ,398,YLL028W,0.0,0.0,0.0,0.0
 ,399,YBR218C,0.0,0.0,0.0,0.0
 ,400,YHR001W-A,0.0,0.0,0.0,0.0
 ,401,YMR207C,0.0,0.0,0.0,0.0
 ,402,YGR286C,0.0,0.0,0.0,0.0
 ,403,YCR037C,0.0,0.0,0.0,0.0
 ,404,YIR031C,0.0,0.0,0.0,0.0
 ,405,YLR359W,0.0,0.0,0.0,9.7611735537035e-11
 ,406,YDL205C,0.0,0.0,0.0,0.0
 ,407,YMR217W,0.0,0.0,0.0,0.0
 ,408,YER170W,0.0,0.0,0.9999999974651859,0.0
 ,409,YBR039W,0.0,0.0,0.0,0.0
 ,410,YER024W,0.0,0.0,0.0,1.0000000172082797
 ,411,YKL004W,0.0,0.0,1.0000000000000226,0.9999999977207549
 ,412,YOR136W,0.0,0.0,0.9999999985314671,0.0
 ,413,YNL142W,0.0,0.0,0.0,0.0
 ,414,YPL234C,0.0,0.0,0.0,0.0
 ,415,YOR209C,0.999999999463414,0.0,0.0,0.0
 ,416,YGL026C,0.0,0.0,0.0,0.0
 ,417,YHR094C,0.0,0.0,0.0,0.0
 ,418,Q0045,0.0,0.0,0.0,0.0
 ,419,YGR138C,0.0,0.0,0.0,0.0
 ,420,YLR258W,0.0,0.0,0.0,0.0
 ,421,YGL125W,0.0,0.0,0.0,0.0
 ,422,YNL101W,0.0,0.0,0.0,0.0
 ,423,YBR127C,0.0,0.0,0.0,0.0
 ,424,YLR164W,0.0,0.0,0.0,0.0
 ,425,YNL318C,0.0,0.0,0.0,0.0
 ,426,YJL137C,0.0,0.0,0.0,0.0
 ,427,YGL009C,0.0,0.0,0.0,0.0
 ,428,YLR028C,0.0,0.0,0.0,0.0
 ,429,YDR497C,0.0,0.0,0.0,0.0
 ,430,YBR115C,0.0,0.0,0.0,0.0
 ,431,YKL055C,0.0,0.9999999999577261,0.0,0.0
 ,432,YGR192C,0.0,0.0,0.0,0.0
 ,433,YFL053W,0.0,0.0,0.0,0.0
 ,434,YDR368W,0.0,0.0,0.0,0.0
 ,435,YBL045C,0.0,0.0,0.0,0.0
 ,436,YGR043C,0.0,0.0,0.0,0.0
 ,437,YPR184W,0.9999999998367308,0.999999999885503,0.0,0.0
 ,438,YAR071W,0.0,0.0,0.0,0.0
 ,439,YLR060W,0.0,0.0,0.0,0.0
 ,440,YOR184W,0.0,0.0,0.0,0.0
 ,441,YJL167W,-1.116217936474531e-10,0.0,0.0,0.0
 ,442,Q0130,0.0,0.0,0.0,0.0
 ,443,YBR149W,0.0,0.0,0.0,1.0000000172082797
 ,444,YKL035W,0.0,0.0,0.0,0.0
 ,445,YPR140W,0.0,0.999999999788879,0.9999999996882988,0.0
 ,446,YPR047W,0.0,0.0,0.0,0.0
 ,447,YOR241W,0.0,0.0,0.0,0.0
 ,448,YDR044W,0.0,0.0,0.0,0.0
 ,449,YLR056W,0.0,0.9999999997840983,0.0,0.0
 ,450,YKR080W,0.0,0.9999999996197784,0.0,0.0
 ,451,YKL181W,0.0,0.0,0.0,0.0
 ,452,YGL225W,0.0,0.0,0.0,0.0
 ,453,YHR037W,0.0,0.9999999999552275,0.0,0.999999999675796
 ,454,YIR037W,0.0,0.0,0.0,0.0
 ,455,YCR010C,0.0,0.0,0.9999999999444835,0.9999999950917567
 ,456,YGL012W,0.0,0.0,0.0,0.0
 ,457,YJL101C,0.9999999997843482,0.0,0.9999999990445164,0.0
 ,458,YLR432W,0.0,0.0,0.0,0.0
 ,459,YMR220W,-1.2646730395097463e-10,0.0,-4.133907338327333e-12,0.0
 ,460,YDR353W,0.0,0.0,0.0,0.0
 ,461,YIR027C,0.0,0.0,0.0,0.0
 ,462,YDL080C,0.0,0.0,0.0,0.0
 ,463,YOR273C,0.0,0.0,0.0,0.0
 ,464,YJR073C,0.0,1.1427256567545637e-07,0.0,0.0
 ,465,YNR057C,0.0,0.0,0.0,0.0
 ,466,YGL067W,0.0,0.0,0.0,0.0
 ,467,YDR074W,0.0,0.0,0.0,0.0
 ,468,YGL077C,0.0,0.0,0.0,0.0
 ,469,YOR332W,0.0,0.0,0.0,0.0
 ,470,YBL099W,0.0,0.0,0.0,0.0
 ,471,YGR208W,0.0,0.0,0.0,0.0
 ,472,Q0250,0.0,0.0,0.0,0.0
 ,473,YDR536W,0.0,0.0,0.0,0.0
 ,474,YCR075C,0.0,0.0,0.0,0.0
 ,475,YNL316C,0.0,0.0,0.0,0.0
 ,476,YFR055W,0.9999999998499769,0.0,0.0,0.0
 ,477,YGR248W,0.0,0.0,0.0,0.0
 ,478,YIL164C,0.0,0.0,0.0,0.0
 ,479,YMR267W,0.0,0.0,0.0,0.0
 ,480,YIL116W,0.0,0.0,0.0,0.0
 ,481,YLR109W,0.0,0.0,0.9999999999911251,0.9999999994288725
 ,482,YOR190W,0.0,0.0,0.0,0.0
 ,483,YKR009C,0.0,0.0,0.0,0.9999999887003094
 ,484,YGR094W,0.0,0.0,0.0,0.0
 ,485,YDR402C,0.0,0.0,0.9999999979522575,0.0
 ,486,YDR178W,0.0,0.0,0.0,0.0
 ,487,YJR103W,0.0,0.0,0.0,0.0
 ,488,YBR265W,0.0,0.0,0.0,1.000000002799663
 ,489,YML070W,0.0,0.0,0.0,0.0
 ,490,YDR232W,0.0,0.0,0.0,0.0
 ,491,YOL077W-A,0.0,0.0,0.0,0.0
 ,492,YGR124W,0.0,0.0,0.0,0.0
 ,493,YLR343W,0.0,0.0,0.0,0.0
 ,494,YMR307W,0.0,0.0,0.0,0.0
 ,495,YBR020W,0.0,3.914800790327864e-10,0.0,0.0
 ,496,YGR264C,0.0,0.0,0.0,0.0
 ,497,YOR222W,0.0,0.0,0.0,0.0
 ,498,YHR137W,0.0,0.0,0.0,0.0
 ,499,YOR348C,0.0,0.0,0.0,0.0
 ,500,YGL248W,0.0,0.0,0.0,0.0
 ,501,YGR292W,0.0,0.0,0.0,0.0
 ,502,YGL055W,0.9999999997420168,0.0,0.0,0.0
 ,503,YDL245C,0.0,0.0,0.0,0.0
 ,504,YJR025C,0.0,0.0,0.9999999999452778,0.0
 ,505,YBR092C,0.0,0.0,0.0,0.0
 ,506,YOR393W,0.0,0.0,0.0,0.0
 ,507,YBR145W,0.0,0.0,0.0,0.0
 ,508,YBR068C,0.0,0.0,0.0,0.0
 ,509,YNR034W,0.0,0.0,0.0,0.0
 ,510,YLR189C,0.0,0.0,0.0,0.0
 ,511,YOL061W,0.0,0.0,0.0,0.0
 ,512,YLR195C,0.0,0.0,0.0,0.0
 ,513,YMR250W,0.0,0.9999999998823326,0.9999999974323975,0.0
 ,514,YDR483W,0.0,0.0,0.0,0.0
 ,515,YFL030W,0.0,0.9967787911075393,0.999999999313924,0.0
 ,516,YGR254W,0.0,0.0,0.0,0.0
 ,517,YER061C,0.0,0.9999999999577261,0.0,0.0
 ,518,YNL111C,0.9999999996274419,0.0,0.0,0.0
 ,519,YOR168W,0.0,0.0,0.0,0.0
 ,520,YLR231C,0.9999999995787276,0.0,0.999999999318429,0.9999999971370369
 ,521,YKL184W,0.9999999997075558,0.999999999771123,0.0,1.000000002274353
 ,522,YNL129W,0.0,0.0,0.0,1.0000000041017074
 ,523,YJR139C,0.0,0.0,0.0,0.0
 ,524,YKL016C,0.0,0.0,0.0,0.0
 ,525,YPL111W,0.9999999997906096,1.0000000000179556,0.0,0.0
 ,526,YER183C,0.0,0.0,0.0,0.0
 ,527,YLR160C,0.0,0.0,0.0,0.0
 ,528,YKL174C,0.0,0.0,0.0,1.0000000042582993
 ,529,YDL066W,0.997045717859098,0.0,0.9972270157649877,0.9986732275131839
 ,530,YOR130C,0.0,0.0,0.0,2.2261502181860869e-10
 ,531,YKR093W,0.0,0.0,0.0,0.0
 ,532,YMR319C,0.0,0.0,0.0,0.0
 ,533,YOL066C,0.0,1.1427256567545637e-07,0.0,0.0
 ,534,YBR085W,0.0,0.0,0.0,0.0
 ,535,YBR184W,0.0,0.0,0.0,0.0
 ,536,YCR098C,0.0,0.0,0.0,0.0
 ,537,YKL026C,0.0,0.0,0.0,0.0
 ,538,YKL212W,0.0,0.0,0.0,0.0
 ,539,YNR050C,0.0,0.0,0.0,0.0
 ,540,YJR078W,0.0,0.9999999999536734,0.0,0.9999999967711304
 ,541,YPL188W,0.0,0.0,0.0,0.0
 ,542,YOL033W,0.0,0.0,0.0,0.0
 ,543,YGR180C,0.0,1.0000000000000002,0.0,0.0
 ,544,YNL073W,0.0,0.0,0.0,0.0
 ,545,YOR374W,0.0,0.9999999997714012,0.0,0.0
 ,546,YFR047C,0.0,0.9999999999418722,1.0000000000490419,0.0
 ,547,YBR132C,0.0,0.0,1.000000000332153,0.0
 ,548,YML110C,0.0,0.0,1.0000000018610924,0.0
 ,549,YOL011W,0.0,0.0,0.0,0.0
 ,550,YLR372W,0.0,0.0,0.0,0.0
 ,551,YPR138C,0.0,0.0,0.0,0.0
 ,552,YPL276W,0.0,0.0,0.0,0.0
 ,553,YAR075W,0.0,0.0,0.0,0.0
 ,554,YOR171C,0.0,0.0,0.0,0.0
 ,555,YBR248C,0.0,0.0,0.0,0.0
 ,556,YHL016C,0.0,0.0,0.0,0.0
 ,557,YLR201C,0.0,0.0,1.0000000018610924,0.0
 ,558,YFL017C,0.0,0.0,0.0,0.0
 ,559,YDL168W,0.0,0.9999999999364302,1.0000000011378087,0.0
 ,560,YIL134W,0.9999999998235826,0.9999999996703137,1.0000000014992683,0.9999999979823935
 ,561,YDR236C,0.9999999998407005,0.999999999934659,0.0,0.0
 ,562,YKL106W,0.9999999998524357,0.9999999996609634,0.0,0.0
 ,563,YLR307W,0.0,0.0,0.0,0.0
 ,564,YCR053W,0.0,0.0,0.0,0.0
 ,565,YER005W,0.9999999997320743,0.0,0.9999999990285601,0.0
 ,566,YGL063W,0.0,0.0,0.0,0.0
 ,567,YIL053W,0.0,0.0,0.0,0.0
 ,568,YGL148W,0.0,0.0,0.0,0.0
 ,569,YNL192W,0.0,0.0,0.0,0.0
 ,570,YCL035C,0.0,0.0,0.0,0.0
 ,571,YKR053C,0.0,0.0,0.0,0.0
 ,572,YLR420W,0.0,0.0,0.0,0.0
 ,573,YOL056W,0.0,0.0,0.0,0.0
 ,574,YHR144C,0.999969966845553,0.9999699666240854,0.0,0.9999791459989338
 ,575,YDR208W,0.0,0.0,0.0,0.9999999978337527
 ,576,YJR077C,0.0,0.0,0.0,0.0
 ,577,YGR088W,0.9999999994653855,0.9999999997561679,0.0,0.0
 ,578,YDR297W,0.9999999997312461,0.0,0.0,0.9999999994774519
 ,579,YAR015W,0.0,0.0,0.0,0.0
 ,580,YLR299W,0.0,0.0,0.0,0.0
 ,581,YOR176W,0.0,0.0,0.0,0.0
 ,582,YOR109W,0.0,0.0,0.0,0.0
 ,583,YOL049W,0.9999999997843482,0.0,0.9999999990445164,0.0
 ,584,YDR158W,0.0,0.0,0.0,0.0
 ,585,YBR180W,0.0,0.0,0.9999999979522575,0.0
 ,586,YNL247W,0.0,0.0,0.0,0.0
 ,587,YHR128W,0.9999999971228379,0.0,0.9999999995612937,0.0
 ,588,YOL126C,0.0,0.0,0.0,0.0
 ,589,YCR073W-A,0.0,0.0,0.0,0.0
 ,590,YMR120C,0.0,0.0,0.0,0.0
 ,591,YDR256C,0.0,0.9999999998874911,0.9999999975837665,0.0
 ,592,YOR143C,0.0,1.000000000041491,0.0,0.0
 ,593,YDL052C,0.0,0.0,0.0,0.0
 ,594,YER175C,0.0,0.0,0.0,0.0
 ,595,YIL009W,0.0,0.0,0.0,0.0
 ,596,YIL168W,0.0,0.0,0.0,0.0
 ,597,YML075C,0.0,0.0,0.0,0.0
 ,598,YCR024C,0.0,0.0,0.0,0.0
 ,599,YAL044C,0.9999999993985837,0.0,0.0,0.0
 ,600,YGR061C,0.0,0.0,0.0,0.0
 ,601,YLR355C,0.0,0.0,0.0,0.0
 ,602,YCR032W,0.0,0.0,0.9999999991576622,1.0000000017356123
 ,603,YPR081C,0.0,0.0,0.0,0.0
 ,604,YMR118C,0.0,0.0,0.0,0.0
 ,605,YIL043C,0.0,0.0,0.0,0.0
 ,606,YPL134C,0.0,0.0,0.0,0.0
 ,607,YOL096C,0.0,0.0,1.0000000018610924,0.0
 ,608,YDR284C,0.0,0.0,0.0,0.0
 ,609,YOR108W,0.0,0.0,0.0,0.0
 ,610,YLR151C,0.0,0.0,0.0,0.0
 ,611,YPR121W,0.0,0.0,0.0,0.0
 ,612,Q0105,0.0,0.0,0.0,0.0
 ,613,YEL071W,0.0,0.0,0.0,0.0
 ,614,YMR272C,0.9999999991922882,0.0,0.0,0.9999999165733577
 ,615,YML120C,0.0,0.0,0.0,0.0
 ,616,YHR106W,0.0,0.999999999915925,1.0000000002258091,0.0
 ,617,YKL132C,0.0,0.0,0.0,0.0
 ,618,YDL040C,0.0,0.0,0.0,0.0
 ,619,YCL004W,0.0,0.0,1.0000000000000018,0.0
 ,620,YLR153C,0.0,0.0,0.0,0.0
 ,621,YMR226C,0.0,0.9999999996911769,0.0,0.9999999967226205
 ,622,YMR008C,0.0,0.0,0.0,0.0
 ,623,YBL015W,0.0,0.0,0.0,0.0
 ,624,YEL027W,0.0,0.0,0.0,0.0
 ,625,YHL012W,0.0,0.0,0.0,0.0
 ,626,YGR183C,0.0,0.0,0.0,0.0
 ,627,YBL076C,0.0,0.0,0.0,0.0
 ,628,YPR191W,0.0,0.0,0.0,0.0
 ,629,YLR017W,0.0,0.0,0.0,0.0
 ,630,YJR010W,0.0,0.0,1.0000000024562958,0.0
 ,631,YBR041W,0.9999999989126328,1.0000000000240477,1.0000000005135037,0.0
 ,632,YNR033W,0.0,0.999999999830617,0.0,0.0
 ,633,YGR193C,0.0,0.9605967633932165,0.0,0.9999999848852127
 ,634,YDR487C,0.0,0.0,0.0,0.0
 ,635,YJR051W,0.999999999916878,0.0,0.0,0.9999999962165628
 ,636,YPL273W,0.0,0.0,0.0,0.0
 ,637,YOL030W,0.0,0.0,0.0,0.0
 ,638,YDR261C,0.0,0.0,0.0,0.0
 ,639,YKL218C,0.0,0.0,0.0,0.0
 ,640,YNL009W,0.0,0.999999999996307,0.9999999987490497,0.0
 ,641,YER065C,0.0,0.9967787907176813,0.0,0.0
 ,642,YEL011W,0.0,1.0000000002049672,0.0,0.0
 ,643,YML035C,0.0,0.9999999999141428,0.9999999905602145,1.0000000012875627
 ,644,YDR453C,0.9999999997966627,0.9999999998347677,0.9999999990139594,0.9999999992035646
 ,645,YDR037W,0.0,0.0,0.0,0.0
 ,646,YER178W,0.0,0.0,0.9805080966495858,1.0000000019097177
 ,647,YGR170W,0.0,0.0,0.0,0.9999999944791996
 ,648,YDL247W,0.0,0.0,0.0,0.0
 ,649,YFL022C,0.0,0.0,0.0,0.0
 ,650,YDR047W,0.0,0.0,0.0,0.0
 ,651,YDR321W,0.0,0.0,0.0,0.0
 ,652,YNR001C,0.0,0.0,0.0,0.0
 ,653,YNL071W,0.0,0.9605967633932165,0.0,0.9999999848852127
 ,654,YMR088C,0.0,0.0,0.0,0.0
 ,655,YDR147W,0.0,0.0,0.0,0.0
 ,656,YDL093W,0.0,0.0,0.0,0.0
 ,657,YLR295C,0.0,0.0,0.0,0.0
 ,658,YDR530C,0.9999999996796098,0.0,0.0,0.0
 ,659,YKL148C,0.0,0.0,0.0,0.0
 ,660,YKL192C,0.0,0.9999999999577261,0.0,0.0
 ,661,YKL216W,0.9999999997910651,0.0,0.0,0.0
 ,662,YER086W,0.9999999996574589,0.0,0.9999999982988028,0.0
 ,663,YGL001C,1.108335581592763e-10,3.0941313901409666e-10,0.0,1.3845006374716083e-08
 ,664,YBR291C,0.0,0.0,0.0,0.9999999994774222
 ,665,YJR160C,0.0,0.0,0.0,0.0
 ,666,YPL189W,0.0,0.0,0.0,0.0
 ,667,YLR285W,0.0,0.0,0.0,0.0
 ,668,YPR156C,0.0,0.0,0.0,0.0
 ,669,YJL060W,0.0,0.9999999999536734,0.0,0.9999999967711304
 ,670,YOR100C,0.0,0.9999999998244886,0.0,0.999999999559426
 ,671,YPL252C,0.0,0.0,0.0,0.0
 ,672,YKR097W,0.9999999999209465,0.0,0.0,0.0
 ,673,YPL172C,0.0,0.0,0.0,0.0
 ,674,YML042W,0.9999999995990968,0.9999999998789463,0.0,0.0
 ,675,YHR019C,0.0,0.0,0.0,0.0
 ,676,YNL037C,0.0,0.0,0.9999999985314671,0.0
 ,677,YKL211C,0.0,0.0,0.0,0.0
 ,678,YDL131W,0.0,0.0,0.0,0.0
 ,679,YMR054W,0.0,0.0,0.0,0.0
 ,680,YIL107C,0.0,0.0,0.0,0.0
 ,681,YER053C,0.0,1.0000000000434832,0.9999999999999689,0.0
 ,682,YOR126C,0.0,0.0,0.0,0.0
 ,683,YKR066C,0.0,0.0,0.9999999982156851,0.9999999989086704
 ,684,YIR034C,0.0,0.0,0.0,0.0
 ,685,YLR081W,0.0,0.0,0.0,0.0
 ,686,YCL050C,0.9999999996827086,0.0,0.9999999999999988,0.0
 ,687,YLR303W,0.0,0.0,0.0,0.0
 ,688,YER043C,0.0,0.0,0.0,0.0
 ,689,YGR087C,0.0,0.0,0.0,0.0
 ,690,YGL008C,0.0,0.0,0.0,0.0
 ,691,YJL026W,0.0,1.0000000000259612,0.0,1.0000000012876598
 ,692,YOL103W,0.0,0.0,0.0,0.0
 ,693,YCL025C,0.0,0.0,0.0,0.0
 ,694,YBR034C,0.0,0.0,0.0,0.0
 ,695,YMR108W,0.0,0.0,0.0,0.0
 ,696,YDR272W,0.0,0.0,0.0,1.000000000974668
 ,697,YGR289C,0.0,0.0,0.0,0.0
 ,698,YGR157W,0.0,1.1427256567545637e-07,0.0,0.0
 ,699,YJR143C,0.0,0.0,0.0,0.0
 ,700,YBR196C,0.0,0.0,0.0,0.0
 ,701,YMR083W,0.9999999998497932,0.0,0.0,0.9999999967788905
 ,702,YGR147C,0.0,0.0,0.0,0.0
 ,703,YFL018C,0.9605967635185044,0.0,0.0,0.0
 ,704,YMR261C,0.0,0.0,0.0,0.0
 ,705,YBR018C,0.0,0.0,0.0,0.999999998131637
 ,706,YLR142W,0.9999999998539443,0.0,0.0,0.999999999477452
 ,707,YBR006W,0.9999999997167353,0.0,0.0,0.0
 ,708,YLR038C,0.0,0.0,0.0,0.0
 ,709,YJL139C,0.0,0.0,0.0,0.0
 ,710,YDL015C,0.0,0.0,0.0,0.0
 ,711,YHR068W,0.0,0.0,0.0,0.0
 ,712,YCR036W,0.0,1.0000000000128761,0.0,1.0000000067757744
 ,713,YGR287C,0.0,0.0,0.0,0.0
 ,714,YER015W,0.0,0.9999999989909106,0.0,0.0
 ,715,YBR166C,0.0,0.0,0.0,0.0
 ,716,YMR170C,0.0,0.0,0.0,0.0
 ,717,YIL155C,0.999999999824311,0.0,0.0,0.0
 ,718,YGR171C,0.0,0.0,0.0,0.0
 ,719,YJR121W,0.0,0.0,0.0,0.0
 ,720,YDR035W,0.0,0.9999999999554078,0.0,0.0
 ,721,YGR055W,0.0,0.0,0.0,1.0000000172082797
 ,722,YDR502C,0.0,0.0,0.0,0.0
 ,723,YGR065C,0.0,0.0,0.0,0.0
 ,724,YER062C,0.0,0.0,0.0,0.0
 ,725,YPR192W,0.0,0.0,0.0,0.0
 ,726,YGR247W,0.0,0.0,0.0,0.0
 ,727,YDR098C,0.0,0.0,0.0,0.0
 ,728,YLR245C,0.0,0.0,0.9999999977181799,1.0000000066273704
 ,729,YHR092C,0.0,0.0,0.0,0.0
 ,730,YNR016C,0.0,0.0,0.0,0.0
 ,731,YPR026W,0.0,0.0,0.0,0.0
 ,732,YLR070C,0.0,0.0,0.0,0.0
 ,733,YIL078W,0.0,0.0,0.0,0.0
 ,734,YBR023C,0.0,0.0,0.0,0.0
 ,735,YNL052W,0.0,0.0,0.0,0.0
 ,736,YGL184C,0.9999999997506673,0.9999999997412203,0.9999999931012742,0.9999999976048943
 ,737,YBL042C,0.0,0.0,0.0,0.0
 ,738,YNR008W,0.0,0.999999999788879,0.9999999996882988,0.0
 ,739,YBR249C,0.0,0.0,0.0,0.0
 ,740,YLR155C,0.0,0.0,0.0,0.0
 ,741,YEL069C,0.0,0.0,0.0,0.0
 ,742,YDR341C,0.0,0.0,0.0,0.0
 ,743,YLL052C,0.0,0.0,0.0,0.0
 ,744,YGR012W,0.0,0.9999999994994839,0.0,0.9999999994774231
 ,745,YBR084W,0.0,0.0,0.0,0.9999999989085759
 ,746,YDR127W,0.0,0.0,0.0,0.0
 ,747,YGR202C,0.0,0.9999999997937388,0.9999999996987111,0.0
 ,748,YEL063C,0.0,0.0,0.0,0.0
 ,749,YKL120W,0.0,0.9999999999704432,0.0,0.0
 ,750,YJR057W,0.9999999998414693,0.0,0.9999999969282498,0.0
 ,751,YJL045W,0.0,0.0,0.0,0.0
 ,752,YKL127W,0.0,0.0,0.0,0.0
 ,753,YPR001W,0.0,1.0000000000259064,0.0,0.0
 ,754,YMR011W,0.0,0.0,0.0,0.0
 ,755,YEL024W,0.0,0.0,0.0,0.0
 ,756,YJL126W,0.0,0.0,0.0,0.0
 ,757,YKL067W,0.0,0.0,0.0,3.7029868144790415e-10
 ,758,YLR158C,0.0,0.0,0.0,0.0
 ,759,YIL099W,0.0,0.0,0.0,0.9999999994100127
 ,760,YJR009C,0.0,0.0,0.0,0.0
 ,761,YPR145W,0.0,0.0,0.0,0.0
 ,762,YDR023W,0.0,0.0,0.0,0.0
 ,763,YOR375C,0.0,0.0,0.0,0.0
 ,764,YOR347C,0.0,0.0,0.0,0.0
 ,765,YLR092W,0.0,0.0,0.0,0.0
 ,766,YKL141W,0.0,0.0,0.0,0.0
 ,767,YDR072C,0.0,0.0,0.0,0.0
 ,768,YDR298C,0.0,0.0,0.0,0.0
 ,769,YIL020C,0.0,0.0,0.0,1.0000000172082797
 ,770,YBR208C,0.0,0.0,0.0,0.0
 ,771,YOL059W,0.0,0.0,0.0,0.0
 ,772,YOR099W,0.0,0.0,0.0,0.0
 ,773,YER056C,0.0,0.0,0.0,0.0
 ,774,YML100W,0.0,0.0,0.0,0.0
 ,775,YNL117W,0.0,0.0,0.0,0.0
 ,776,YKL150W,0.0,0.0,0.0,0.0
 ,777,YMR105C,0.0,0.0,0.0,0.0
 ,778,YHR026W,0.0,0.0,0.0,0.0
 ,779,YPL160W,0.0,0.0,0.0,0.0
 ,780,YHR043C,0.0,0.0,0.0,0.0
 ,781,YBR011C,0.0,0.0,0.0,0.0
 ,782,YGR037C,0.0,0.0,0.0,0.0
 ,783,YLR172C,0.0,0.0,0.0,0.0
 ,784,YPL091W,0.0,1.000000000046197,0.0,0.0
 ,785,YBL039C,0.0,0.0,0.0,0.0
 ,786,YNR058W,0.0,0.0,0.0,0.0
 ,787,YML096W,0.0,0.0,0.0,0.0
 ,788,YPL147W,0.9999999996049376,0.0,0.0,0.9999999994774839
 ,789,YOR323C,0.9999999996228308,0.9999999999460599,0.9999999977659599,0.0
 ,790,YDR300C,0.0,0.0,0.0,0.9999999993049521
 ,791,YML106W,0.0,0.0,0.0,0.0
 ,792,YJL214W,0.0,0.0,0.0,0.0
 ,793,YMR169C,0.0,0.0,0.0,0.0
 ,794,YLR240W,0.0,0.0,0.0,0.0
 ,795,YER026C,0.0,0.0,0.0,0.0
 ,796,YPR069C,0.0,0.0,0.0,0.0
 ,797,YMR215W,0.0,0.0,0.0,0.0
 ,798,YOL151W,0.0,0.0,0.0,0.0
 ,799,YJR095W,0.0,0.0,0.0,0.0
 ,800,YOL143C,0.0,0.0,0.0,0.0
 ,801,YCR024C-A,0.0,0.0,1.0000000003690248,0.0
 ,802,YOR142W,0.9864981013742039,0.0,0.0,0.9999999994774519
 ,803,YPL281C,0.0,0.0,0.0,0.0
 ,804,YOR040W,0.0,0.0,0.0,0.0
 ,805,YFR033C,0.0,0.0,0.0,0.0
 ,806,YEL046C,0.0,0.9999999997978306,0.0,0.0
 ,807,YBR192W,0.0,0.0,0.99999999643394,0.0
 ,808,YLR020C,0.0,0.0,0.0,0.0
 ,809,YDL022W,0.0,0.0,0.9999999983574673,0.9999999975523647
 ,810,YPR021C,0.0,0.9974718312179646,0.0,0.999999998593802
 ,811,YLR044C,0.0,0.0,0.0,0.0
 ,812,YLL018C,0.0,0.0,0.0,0.0
 ,813,YDL078C,0.0,0.9999999998776394,0.0,0.0
 ,814,YPR060C,0.0,0.0,0.0,0.0
 ,815,YMR271C,0.0,0.0,0.0,0.0
 ,816,YOR074C,0.0,0.0,0.0,2.2830693663831895e-09
 ,817,YBR221C,0.0,0.0,0.9805080966495858,1.0000000019097177
 ,818,YLR146C,0.0,0.9999999996811079,1.000000004197151,0.9999999994774683
 ,819,YOR155C,0.0,0.9999999998226785,0.0,0.0
 ,820,YHR174W,0.0,0.0,0.0,0.0
 ,821,YIR032C,0.0,0.0,0.0,0.0
 ,822,YCL009C,0.0,0.0,0.0,0.0
 ,823,YJL121C,0.0,0.9973119629563779,0.9884886421021749,0.0
 ,824,YMR208W,-1.2646730395097463e-10,0.0,-4.133907338327333e-12,0.0
 ,825,YKL008C,0.0,0.0,0.0,0.0
 ,826,YMR189W,0.9999999993985837,0.0,0.0,0.0
 ,827,YNL029C,0.0,0.0,0.0,0.0
 ,828,YKL140W,0.0,0.0,0.0,0.0
 ,829,YPL069C,0.0,0.0,1.0000000018610924,0.0
 ,830,YBR093C,0.0,0.0,0.0,0.0
 ,831,YJL196C,0.9999999999720298,0.9999999996961173,0.0,0.0
 ,832,YPR160W,0.0,0.0,0.0,0.0
 ,833,YGR175C,0.0,0.0,0.0,0.0
 ,834,YIL145C,0.0,0.0,0.0,1.000000000670729
 ,835,YEL041W,0.0,0.0,0.0,0.0
 ,836,YLR058C,0.0,0.0,0.0,0.0
 ,837,YGR240C,0.0,0.0,0.0,1.0000000030442229
 ,838,YBR058C-A,0.0,0.0,0.0,1.000000002799663
 ,839,YJR137C,0.0,0.0,0.0,0.0
 ,840,YNR012W,0.0,0.9986178490907937,0.0,0.0
 ,841,YLR134W,0.0,0.0,0.0,0.0
 ,842,YMR020W,0.9999999997941731,0.0,0.0,0.0
 ,843,YDR111C,0.0,0.0,0.9986452028875539,0.9945660745354431
 ,844,YPL110C,0.9999999995120761,1.0000000001110936,0.0,0.0
 ,845,YDR377W,0.0,0.0,0.0,0.0
 ,846,YIL010W,0.0,0.0,0.0,1.0000000172082797
 ,847,YBR298C,0.0,0.0,0.0,0.0
 ,848,YHR091C,0.0,0.0,0.0,0.0
 ,849,YHR072W,0.0,0.0,0.0,0.0
 ,850,YKL001C,0.0,0.0,0.0,0.0
 ,851,YNL106C,0.0,0.0,0.0,0.0
 ,852,YPL231W,0.0,0.0,0.0,0.0
 ,853,YIL066C,0.0,0.0,0.0,0.0
 ,854,YHR183W,0.0,0.0,0.0,0.0
 ,855,YGL253W,0.0,0.0,0.0,0.0
 ,856,YFR015C,0.0,0.0,0.0,0.0
 ,857,YDR345C,0.0,0.0,0.0,0.0
 ,858,YHL032C,0.0,0.0,0.0,0.0
 ,859,YIL002C,0.0,0.0,0.0,0.0
 ,860,YPR035W,0.0,0.0,0.0,0.0
 ,861,YNR041C,0.0,0.0,1.0000000018610924,0.0
 ,862,YJL068C,0.0,0.0,0.0,0.0
 ,863,YMR306W,0.0,0.0,0.0,0.0
 ,864,YLR138W,0.0,0.0,0.0,0.0
 ,865,YDR148C,0.9864981013742039,0.0,1.000000000266567,0.0
 ,866,YHR046C,0.0006282200733638932,0.0,0.0,0.0
 ,867,YOL132W,0.0,0.0,0.0,0.0
 ,868,YHR096C,0.0,0.0,0.0,0.0
 ,869,YHR216W,0.0,0.0,0.0,0.0
 ,870,YKR061W,0.0,0.0,0.0,0.0
 ,871,YOR278W,0.0,0.0,0.0,0.0
 ,872,YOL052C,0.0,0.0,0.0,0.99999999947745
 ,873,YKR031C,0.0,0.0,0.0,0.0
 ,874,YDL141W,0.0,0.0,0.0,0.0
 ,875,YHR051W,0.0,0.0,0.0,0.0
 ,876,YHL003C,0.0,0.0,0.0,0.0
 ,877,YJL155C,0.0,1.0000000007101786,0.9999999920076367,0.9999999956580631
 ,878,YDR342C,0.0,0.0,0.0,0.0
 ,879,YLR284C,0.0,0.0,0.0,0.0
 ,880,YPL078C,0.0,0.0,0.0,0.0
 ,881,YOR125C,0.0,0.0,1.0000000018610924,1.0000000050982318
 ,882,YDR400W,0.9999999998414278,0.0,0.0,0.9999999965778907
 ,883,YDR508C,0.0,0.0,0.0,0.0
 ,884,YLL048C,0.0,0.0,0.0,0.0
 ,885,YGL234W,0.0,0.0,0.0,0.0
 ,886,YOL055C,0.0,0.0,0.0,0.0
 ,887,YLR304C,0.0,0.9999999997727297,0.0,0.9999999994774577
 ,888,YFR053C,0.0,0.0,0.0,0.0
 ,889,YOR065W,0.0,0.0,0.0,0.0
 ,890,YDR001C,0.0,0.0,0.0,0.0
 ,891,YIL162W,0.0,0.0,0.0,0.0
 ,892,YDR294C,0.0,0.0,0.0,0.0
 ,893,YGL187C,0.0,0.0,0.0,0.0
 ,894,YBL011W,0.0,0.0,0.0,0.0
 ,895,YBR001C,0.0,0.0,0.0,0.0
 ,896,YER019W,0.0,0.0,1.0000000000000226,0.9999999977207549
 ,897,YDR529C,0.0,0.0,0.0,0.0
 ,898,YER060W-A,0.0,0.0,0.0,0.0
 ,899,YOR317W,0.0,0.0,0.0,0.0
 ,900,YBR299W,0.0,0.0,0.0,0.0
 ,901,YJR066W,0.0,0.0,0.0,0.0
 ,902,YAL022C,0.0,0.0,0.0,0.0
 ,903,YLR328W,0.0,0.0,0.0,0.0
 ,904,YLR100W,1.108335581592763e-10,3.0941313901409666e-10,0.0,1.3845006374716083e-08
 ,905,YIR028W,0.0,0.0,0.0,0.0
