 ,No.,Deletion,Glucose (aerobe),Galactose,Glycerol,Ethanol,
 ,1,YAL012W,0.999150699,0.999150699,0.999921943,0.998949741,
 ,2,YDR384C,1,1,0,1,
 ,3,YHR163W,1,0,0,1,
 ,4,YOR011W,1,0,0,1,
 ,5,YDR050C,0.244784901,0,0,-1.43E-10,
 ,6,YMR323W,1,0,0,1,
 ,7,YLL062C,1,0,0,1,
 ,8,YHR067W,1,1,0,0.999999998,
 ,9,YBR213W,1,0,0,1,
 ,10,YDR481C,1,1,0.999999997,1.000000002,
 ,11,YER014W,1,0,0,1,
 ,12,YMR205C,0.244634905,0.186053781,0,1.000000003,
 ,13,YIL094C,0,0,0,0,
 ,14,YCR005C,1,1,1,0,
 ,15,YPL040C,1,0,0,1,
 ,16,YNL003C,0.999999999,1,0,0.999999999,
 ,17,YDR503C,1,0,0,1,
 ,18,YJL212C,1,0,0,1,
 ,19,YPL244C,1,0,0,1,
 ,20,YDL238C,0,0.999999999,0.999999999,0,
 ,21,YJR153W,1,0,0,1,
 ,22,YLR089C,0,0,1.000000001,0.999999998,
 ,23,YDR513W,1,0,0,1,
 ,24,YEL058W,1,0,0,1,
 ,25,YKL024C,-2.14E-11,-1.40E-11,4.26E-11,-2.22E-10,
 ,26,YLR395C,0.757180381,0.75718038,0,0,
 ,27,YDR305C,1,0,1,0.999999999,
 ,28,YLR348C,1,1,1,0.999999999,
 ,29,YBR121C,1,0,0,1,
 ,30,YEL042W,1,0,0,1,
 ,31,YLR382C,1,0,0,1,
 ,32,YKL188C,1,0,0,1,
 ,33,YFL045C,0,0,0,0,
 ,34,YMR015C,0,1,0,0.999999999,
 ,35,YBL033C,0,-1.15E-11,-3.98E-11,0,
 ,36,Q0085,0,0,0,0,
 ,37,YBR117C,1,0,0,0,
 ,38,YIL124W,1,1,0.999999988,0.999999999,
 ,39,Q0080,0,0,0,0,
 ,40,YGR194C,1,0,0,0.999999997,
 ,41,YMR009W,0,1,0,1,
 ,42,YPL274W,1,0,0,1,
 ,43,YAR073W,1,0,0,1,
 ,44,YJL219W,1,0,0,1,
 ,45,YEL051W,1,0,0,1,
 ,46,YDR046C,1,0,0,1,
 ,47,YKL203C,1,0,0,1,
 ,48,YOR202W,1,0,0,1,
 ,49,YGL245W,1,0,0,1,
 ,50,YER081W,1,0,0,1,
 ,51,YJL070C,1,0,0,1,
 ,52,YNL241C,1,0,0.999999999,1,
 ,53,YER070W,0,0.999999999,0,0,
 ,54,YPL262W,0.977620639,0.977620629,0.999999992,-2.38E-11,
 ,55,YPL036W,1,0,0,1,
 ,56,YKL029C,0.999999999,1,1.000000003,0.999999997,
 ,57,YHR025W,0,0,0,0,
 ,58,YHL036W,1,0,0,1,
 ,59,YML056C,1,0,0,1,
 ,60,YML059C,1,0,0,1,
 ,61,YIL074C,1,0,0,1,
 ,62,YKL104C,1,0,0,1,
 ,63,YCL040W,1,1,1.000000002,0,
 ,64,YLR447C,1,0,0,1,
 ,65,YOL058W,0,0,0,0,
 ,66,YAR035W,1,0,0,1,
 ,67,YCR012W,0.14076581,0.140765811,0,-2.17E-10,
 ,68,YOL156W,1,0,0,1,
 ,69,Q0275,0.757180381,0.75718038,0,0,
 ,70,YPR074C,1,0,1,0.999999998,
 ,71,YPR128C,0,1,0.999999995,1,
 ,72,YGR244C,0,0.986498102,1,0,
 ,73,YDR354W,0,0,0,0,
 ,74,YJR049C,1,0,0,1,
 ,75,YGR020C,1,0,0,1,
 ,76,YGR121C,1,0,0,1,
 ,77,YHR042W,-2.35E-11,-2.03E-11,0,0,
 ,78,YMR289W,1,1,0.999999999,0.999999992,
 ,79,YPR002W,1,1,1.000000001,0.999999999,
 ,80,YDR242W,1,0,0,1,
 ,81,YCR083W,1,1,0.999999998,1,
 ,82,YKR067W,1,0,0,1,
 ,83,YJL198W,1,0,0,1,
 ,84,YNL267W,0.999999999,0.999999999,0.999999998,0.999999899,
 ,85,YPL104W,1,0,0,1,
 ,86,YAL054C,0,0,0.999999997,0.927567164,
 ,87,YOR192C,1,0,0,1,
 ,88,YER052C,0,0,0,0,
 ,89,YDL185W,1,0,0,1,
 ,90,YMR202W,1,0,0.999999994,0.999999999,
 ,91,YGL062W,1,0,0,1,
 ,92,YER003C,0,0,0,0,
 ,93,YBR252W,1,0,1,0.999999999,
 ,94,YDR173C,1,1,0.999999996,1,
 ,95,YCL030C,1,1,0,0.999999999,
 ,96,YDL021W,1,0,0,1,
 ,97,YDR399W,1,1,1.000000001,0.999999999,
 ,98,YLR043C,1,0,0,1,
 ,99,YBR029C,1.56E-11,-1.66E-12,-6.24E-12,7.06E-12,
 ,100,YGL037C,0,1,0.999999998,1,
 ,101,YPL268W,1,1,0.999999998,0,
 ,102,YOR120W,1,0.999999999,0.98375333,1,
 ,103,YBR263W,0,1,0,0.99218089,
 ,104,YBR035C,1,0,0.999999998,1,
 ,105,YOL086C,1,0,0,1,
 ,106,YMR113W,1,0,0,1,
 ,107,YLR300W,1,0,0,1,
 ,108,YMR084W,1,0,0,1,
 ,109,YDR019C,1,1,0.994809747,0.992181049,
 ,110,YGR010W,0.999999999,0,1,0.999999936,
 ,111,YBR019C,0,-1.86E-11,0.999999997,0.999999999,
 ,112,YER119C,1,0,0,1,
 ,113,YDR380W,1,0,0,1,
 ,114,YGR191W,1,0,0,1,
 ,115,YAL060W,1,1,0,0.999999999,
 ,116,YMR006C,1,0,0,1,
 ,117,YJR130C,0,1,0.999999997,0.99999999,
 ,118,YOR388C,1,0,0,1,
 ,119,YHR063C,0,1,1,0.999999998,
 ,120,YIL172C,1,0,0,1,
 ,121,YLR011W,1,0,0,1,
 ,122,YJL134W,1,0,0,1,
 ,123,YKL146W,1,0,0,1,
 ,124,YBL068W,1,0,0,1,
 ,125,YPR183W,0,0,0,0,
 ,126,YHR104W,1,1,0,0,
 ,127,YDL004W,0,0,0,0,
 ,128,YEL017C-A,1,1,1.000000003,1,
 ,129,YJL166W,0,0.762713428,0,0,
 ,130,YJL200C,1,0,0.999999985,0.999999999,
 ,131,YKL080W,1,0,0,1,
 ,132,YDR403W,0.999999997,1,0.999999997,1.000000001,
 ,133,YGR096W,1,0,0,1,
 ,134,YPL059W,1,0.999999999,0,0.999999999,
 ,135,YLR377C,0,1,6.06E-10,-7.27E-11,
 ,136,YGL205W,1,1,0,0.999999987,
 ,137,YIL125W,0.986498101,0.986498102,1,0.999999999,
 ,138,YDL210W,1,0,0,1,
 ,139,YDR376W,1,0,0,1,
 ,140,YKR058W,1,0,0,1,
 ,141,YKL194C,1,0,0,1,
 ,142,YHR208W,0,1,1,1,
 ,143,YNR013C,1,0,0,1,
 ,144,YPL148C,1,0,1,1,
 ,145,YPL271W,0,0,0,0,
 ,146,YLL061W,1,0,0,0,
 ,147,YAL062W,1,0,0,1,
 ,148,YLR237W,1,0,0,1,
 ,149,YDR531W,0,0.999999999,1.000000003,0.999999997,
 ,150,YIL013C,1,0,0,1,
 ,151,YFL055W,1,0,0,1,
 ,152,YOL136C,1,0,0,1,
 ,153,YOR221C,1,1,0,0.999999998,
 ,154,YOR071C,1,0,0,1,
 ,155,YPL214C,1,1,0.999999999,1,
 ,156,YBR293W,1,0,0,1,
 ,157,YGL084C,1,0,0,1,
 ,158,YPL092W,1,0,0,0,
 ,159,YGR019W,1,1,1,0.999999998,
 ,160,YGL191W,0.757180381,0.75718038,0,0,
 ,161,YOL064C,1,1,1,0,
 ,162,YDL142C,1,0,0,1,
 ,163,YMR056C,1,0,0,1,
 ,164,YJR001W,0,1,0.999999998,0.999999999,
 ,165,YHR123W,1,0,0,1,
 ,166,YDL174C,1,0,0,1,
 ,167,YER091C,0,1,1,1,
 ,168,YGR256W,1,0,0,1,
 ,169,YLR209C,0,1,0.999999998,0,
 ,170,YDL103C,1,0,0,1,
 ,171,YOR128C,-7.72E-12,-2.02E-11,-1.11E-11,-3.09E-11,
 ,172,YDL171C,0,1,0,0,
 ,173,YML082W,1,1,0.999999988,1.000000004,
 ,174,YBR021W,0,0,0,-6.63E-10,
 ,175,YLL057C,1,0,0,1,
 ,176,YEL039C,1,0,0,1,
 ,177,YPL061W,0.998582907,0.998582907,0.999165366,0.952110373,
 ,178,YBR296C,1,0,0,1,
 ,179,YLR308W,1,0,0,1,
 ,180,YDR454C,0,3.40E-12,-1.85E-10,-1.25E-10,
 ,181,YNL277W,0,1,0,0.999999999,
 ,182,YER055C,1,0,0,1,
 ,183,YHR011W,1,0,0,1,
 ,184,YLL012W,1,0,0,1,
 ,185,YLR438W,0.999484995,0.999484996,0.99951323,0.999642361,
 ,186,YJL052W,1,0,0,1,
 ,187,YJL088W,0,0,0,0,
 ,188,YDR226W,-1.98E-11,8.64E-11,-6.62E-11,-5.63E-11,
 ,189,YJR105W,0,0.99976604,0.999778863,0.999837542,
 ,190,YGL186C,1,0,0,1,
 ,191,YMR062C,-3.73E-11,-1.71E-11,-3.70E-11,0,
 ,192,YDR234W,0,0,0,0,
 ,193,YGR209C,1,0,0,1,
 ,194,YLR305C,1,0,0,1,
 ,195,YOL140W,-3.73E-11,-1.71E-11,-3.70E-11,0,
 ,196,YIR029W,1,0,0,1,
 ,197,YGR155W,0.999150699,0,0.999921943,0,
 ,198,YBR036C,1,0,0,1,
 ,199,YMR300C,1.33E-12,-6.87E-12,-1.24E-11,0,
 ,200,YGR032W,1,0,0,1,
 ,201,YGR267C,-1.71E-11,-1.14E-11,-4.36E-11,-3.15E-11,
 ,202,YGR125W,1,0,0,1,
 ,203,YNL292W,1,0,0,1,
 ,204,YLR342W,1,0,0,1,
 ,205,YPR006C,1,1,1.000000001,0.999999999,
 ,206,YCR028C,1,1,0,0.999999997,
 ,207,YJL153C,0,0,0,0.006204238,
 ,208,YML054C,0,1,1,0.999999904,
 ,209,YAL023C,1,0,0,1,
 ,210,YDL181W,0,0,0,0,
 ,211,YHR074W,0,1,0.999999998,0,
 ,212,YFR030W,1,0,0,1,
 ,213,YBR256C,0,0,0,0,
 ,214,YPR113W,0,0,0,0,
 ,215,YOR236W,-6.58E-11,-1.35E-11,-6.55E-11,-2.00E-10,
 ,216,YBR038W,1,0,0,1,
 ,217,YBR244W,1,0,0,1,
 ,218,YPL053C,1,0,0,1,
 ,219,YMR246W,1,0,0,1,
 ,220,YPR020W,1,0,0,1,
 ,221,YKL085W,1,1,0.999999998,0.999999997,
 ,222,YLR027C,0.999645612,0.999645612,0.992268191,0.99662278,
 ,223,YBR284W,1,0,0,1,
 ,224,YEL047C,0.999999999,0,0.999999995,0.999999999,
 ,225,YLR351C,1,0,0,1,
 ,226,YBL064C,1,1,0.999999998,1,
 ,227,YPR036W,1,0,0,1,
 ,228,YNL130C,1,0,0,1,
 ,229,YHR018C,0,0,0,0,
 ,230,YDR408C,1.33E-12,-6.87E-12,-1.24E-11,0,
 ,231,YLR157C,1,0,0,1,
 ,232,YHR002W,0.999051078,0.999051078,0.999103084,0,
 ,233,YBR126C,0,0,0,0,
 ,234,YLL041C,0.981413212,0.981413212,1.000000004,-4.69E-10,
 ,235,YDL055C,0,0,0,0,
 ,236,YGL202W,1,0,0,1,
 ,237,YNL141W,1,0,0.99999999,0.999999988,
 ,238,YMR318C,1,0,0,1,
 ,239,YCL018W,1,0,0,1,
 ,240,YBR294W,1,0,0,1,
 ,241,YDL067C,0.757180381,0.75718038,0,0,
 ,242,YJL130C,0.999999996,1,1,0,
 ,243,YKL060C,0.244634905,0,-6.26E-11,-1.40E-10,
 ,244,YOL020W,1,0,0,1,
 ,245,YDR135C,1,0,0,1,
 ,246,YFL011W,1,0,0,1,
 ,247,YEL021W,1,0,0,1,
 ,248,YBL030C,1,0,0,1,
 ,249,YMR256C,0.757180381,0.75718038,0,0,
 ,250,YJR159W,1,1,1,1,
 ,251,YNL270C,1,0,0,1,
 ,252,YJL071W,1,0,0,1,
 ,253,YKL182W,0,0,0,0,
 ,254,YOR303W,1,0,0,1,
 ,255,YPL275W,1,0,0,1,
 ,256,YFR025C,1,0,0,1,
 ,257,YMR013C,1,0,0,1,
 ,258,YDR322C-A,1,0,0,1,
 ,259,YER073W,1,0,0,1,
 ,260,YLR260W,1,0,0,1,
 ,261,YPL117C,-4.41E-11,-2.68E-11,-6.14E-11,-5.70E-11,
 ,262,YGR007W,1,0,0,1,
 ,263,YKL152C,1,0,0,1,
 ,264,YLR450W,1,0,0,1,
 ,265,YJR019C,1,1,0.999999999,0.999999995,
 ,266,YBL098W,0,1,0,1,
 ,267,YDL095W,1,0,0,1,
 ,268,YOR270C,1,0,0,1,
 ,269,YGL224C,1,1,0,0.999999998,
 ,270,YNL268W,1,0,0,1,
 ,271,YHR020W,1,0,0,1,
 ,272,YKR039W,1,0,0,1,
 ,273,YPL087W,0,0,0,0,
 ,274,YDL178W,0,1,0,1.000000002,
 ,275,YLL043W,0.999999999,1,0.999999999,0,
 ,276,YPL258C,1,0,0,1,
 ,277,YNR056C,1,0,0,1,
 ,278,YML086C,1,0,0,1,
 ,279,YPL097W,1,0,0,1,
 ,280,YDR268W,1,0,0,1,
 ,281,YJL216C,1,0,0,1,
 ,282,YJL221C,1,0,0,1,
 ,283,YER141W,1,0,0,1,
 ,284,YDR204W,1,1,0,0.999999999,
 ,285,YNL220W,7.95E-12,0,0,-3.33E-11,
 ,286,YMR293C,1,0,0,1,
 ,287,YDR343C,1,0,0,1,
 ,288,YGR060W,0,-7.72E-12,-1.03E-11,-9.82E-11,
 ,289,YAL038W,1,0,0,1,
 ,290,YCL064C,1,0,0,1,
 ,291,YER174C,1,0,0,1,
 ,292,YGL119W,1,1,0,0.999999999,
 ,293,YML126C,-6.97E-12,0,0,0,
 ,294,YHR044C,1,0,0,1,
 ,295,YFR019W,1,1,0,1.000000004,
 ,296,YNR019W,1,0,0,1,
 ,297,YJR152W,1,0,0,1,
 ,298,YBR199W,1,0,0,1,
 ,299,YJR109C,1,0,0,1,
 ,300,YCR048W,0.999999999,1,1,0.999999999,
 ,301,YDL182W,1,0,0,1,
 ,302,YER069W,-3.73E-11,-1.71E-11,-3.70E-11,0,
 ,303,YJR148W,0,0,0,0,
 ,304,YIL111W,1,0,0,1,
 ,305,YOL097C,1,0,0,1,
 ,306,YBR153W,0,-1.15E-11,-3.98E-11,0,
 ,307,YLR354C,1,0,0,1,
 ,308,YKR069W,1,0,0,1,
 ,309,YJR158W,1,0,0,1,
 ,310,YPR033C,1,0,0,1,
 ,311,YMR085W,1,0,0,1,
 ,312,YGL154C,0,0,0,0,
 ,313,YPR062W,0,1,1,0.999999998,
 ,314,YHR039C-A,1,0,0,1,
 ,315,YNL202W,0,1,0,0,
 ,316,YER023W,0,0,0,0,
 ,317,YBR026C,1,1,0,0.999999998,
 ,318,YCR034W,0,0,0,0,
 ,319,YER060W,1,0,0,1,
 ,320,YBR069C,1,0,0,1,
 ,321,YGR177C,1,0,0,1,
 ,322,YJR133W,1,1,0.999999997,0.999999998,
 ,323,YBR176W,1,1,1,0.999999998,
 ,324,YGL040C,1,0,0,1,
 ,325,YLR133W,1,0,0.999999999,1,
 ,326,YDL215C,1,1,0,1,
 ,327,YML004C,0,1,0.999999992,0.999999984,
 ,328,YPL057C,1,0,0,1,
 ,329,YDR058C,1,0,0,1,
 ,330,YDR315C,0,1,0.999999991,0.999999999,
 ,331,YGR255C,1,1,0,0.999999999,
 ,332,YBR161W,1,0,0,1,
 ,333,YNL169C,0.999573137,0.999573137,0.99959654,0,
 ,334,YCL069W,1,0,0,1,
 ,335,YNL104C,1,1,0.999999991,1,
 ,336,YML081C-A,0,0,0,0,
 ,337,YDL045C,1,1,1,0.999999999,
 ,338,YLR180W,1,0,0,1,
 ,339,YOR245C,1,0,0,1,
 ,340,YGR282C,1,1,0.999999995,0.999999997,
 ,341,YDL198C,1,1,0,0.999999997,
 ,342,YOR180C,1,0,0,1,
 ,343,YNR043W,-1.27E-11,-1.28E-11,0,0,
 ,344,YOR360C,1,0,0,1,
 ,345,YOR335C,1,0,0,1,
 ,346,UNKNOWN,1,0,0,1,
 ,347,YGR204W,-8.65E-12,-7.96E-12,-3.83E-11,-4.69E-11,
 ,348,YJL005W,0,1,0,1,
 ,349,YOL065C,1,0,0,1,
 ,350,YPL028W,-6.97E-12,0,0,0,
 ,351,YFL001W,1,0,0,1,
 ,352,YKL217W,1,1,0.999999999,0,
 ,353,YJR016C,1.76E-11,3.85E-12,-2.94E-11,0,
 ,354,YDL100C,1,1,0.999999994,0.999999998,
 ,355,YOR095C,-2.81E-11,-1.14E-11,-1.18E-11,0,
 ,356,YEL038W,0,1,0,1,
 ,357,YGR185C,1,0,0,1,
 ,358,YOR377W,1,0,0,1,
 ,359,YPL265W,1,0,0,1,
 ,360,YML008C,0,1,0,0.999999999,
 ,361,YDR441C,1,0,0,1,
 ,362,YMR296C,1,0,0.999999995,1.000000003,
 ,363,YPL023C,1,0,0,1,
 ,364,YER090W,-5.95E-12,0,-6.71E-11,-2.84E-10,
 ,365,YGR199W,1,0,0,1,
 ,366,YPL212C,1,0,0,1,
 ,367,YMR145C,1,0,0,1,
 ,368,YNL280C,0,-7.72E-12,-1.03E-11,-9.82E-11,
 ,369,YDR007W,0,0,0,0,
 ,370,YIL160C,0,1,0,0.999999989,
 ,371,YNR072W,1,0,0,1,
 ,372,YML022W,1,0,0,1,
 ,373,YDR062W,1,0,0.999999995,1.000000003,
 ,374,YPR159W,1,0,0,1,
 ,375,YDR017C,1,0,0.999999999,0,
 ,376,YMR303C,1,0,0.999999999,0.999999999,
 ,377,YML123C,1,0,0,1,
 ,378,YPR167C,1,1,0,1,
 ,379,YER087W,1,0,0,1,
 ,380,YHR190W,0,0,-3.16E-11,-1.63E-10,
 ,381,YHL011C,1,0,0,1,
 ,382,YMR313C,1,0,0,1,
 ,383,YGR143W,1,0,0,1,
 ,384,YHR007C,-2.58E-11,-2.01E-11,7.51E-12,-1.29E-10,
 ,385,YBR205W,1,0,0,1,
 ,386,YOR163W,1,0,0.999999999,0,
 ,387,YOR321W,1,0,0,1,
 ,388,YBR003W,1,1,0,0.999999999,
 ,389,YDL085W,1,0,0,1,
 ,390,YBR183W,1,0,0,1,
 ,391,YGL256W,1,0,0,1,
 ,392,YGR260W,1,1,0.999999994,0,
 ,393,YER099C,1,0,0,1,
 ,394,YBL013W,1,0,0,1,
 ,395,YJR048W,1,0,0,1,
 ,396,YNL256W,-1.67E-11,-7.42E-12,-7.34E-11,-1.46E-10,
 ,397,YLR174W,-1.86E-11,-3.32E-11,-2.89E-11,-2.90E-10,
 ,398,YLL028W,1,0,0,1,
 ,399,YBR218C,1,0,0,1,
 ,400,YHR001W-A,0,0.762713428,0,0,
 ,401,YMR207C,1,0.999999999,1,0.999999999,
 ,402,YGR286C,1,0,0,1,
 ,403,YCR037C,1,0,0,1,
 ,404,YIR031C,1,0,0,1,
 ,405,YLR359W,-9.67E-12,0,-6.82E-11,0,
 ,406,YDL205C,1,0,0,1,
 ,407,YMR217W,5.81E-12,-2.26E-11,0,-1.26E-10,
 ,408,YER170W,1,0.999999994,0.999999997,0.927567165,
 ,409,YBR039W,0,0,0,0,
 ,410,YER024W,1,0,0,0,
 ,411,YKL004W,1,1,0.999999999,0.999999999,
 ,412,YOR136W,0,0.999999998,0.999999999,0.999999998,
 ,413,YNL142W,1,0,0,1,
 ,414,YPL234C,1,0,0,1,
 ,415,YOR209C,1,1,0,0.999999991,
 ,416,YGL026C,0,0,0,0,
 ,417,YHR094C,1,0,0,1,
 ,418,Q0045,0.757180381,0.75718038,0,0,
 ,419,YGR138C,1,0,0,1,
 ,420,YLR258W,1,0,0,1,
 ,421,YGL125W,1,0,0,1,
 ,422,YNL101W,1,0,0,1,
 ,423,YBR127C,1,0,0,1,
 ,424,YLR164W,1,0,0,1,
 ,425,YNL318C,1,0,0,1,
 ,426,YJL137C,1,0,0,1,
 ,427,YGL009C,1,0,0,1,
 ,428,YLR028C,1,0,0,1,
 ,429,YDR497C,1,0,0,1,
 ,430,YBR115C,0,0,0,0,
 ,431,YKL055C,1,1,0,0.999999998,
 ,432,YGR192C,1,0,0,1,
 ,433,YFL053W,1,0,0,1,
 ,434,YDR368W,1,0,0,1,
 ,435,YBL045C,0,0.762713428,0,0,
 ,436,YGR043C,1,0,0.999999985,0.999999999,
 ,437,YPR184W,0,0,0.999999996,0,
 ,438,YAR071W,1,0,0,1,
 ,439,YLR060W,1,0,0,1,
 ,440,YOR184W,0.998605738,0.998605737,1,1,
 ,441,YJL167W,-4.41E-11,-2.68E-11,-6.14E-11,-5.70E-11,
 ,442,Q0130,0,0,0,0,
 ,443,YBR149W,1,0,0,0,
 ,444,YKL035W,1,0,0,1,
 ,445,YPR140W,1,1,1,0.999999997,
 ,446,YPR047W,1,0,0,1,
 ,447,YOR241W,1,0,0,1,
 ,448,YDR044W,1,0,0,1,
 ,449,YLR056W,0,1,0.999999964,0.999999965,
 ,450,YKR080W,1.000000001,1,0,0,
 ,451,YKL181W,1,0,0,1,
 ,452,YGL225W,1,0,0,1,
 ,453,YHR037W,0,1,0,1,
 ,454,YIR037W,1,0,0,1,
 ,455,YCR010C,1,0.999999999,1,0.999999997,
 ,456,YGL012W,0,-1.15E-11,-2.95E-11,-1.77E-10,
 ,457,YJL101C,1,1,0.999999999,0,
 ,458,YLR432W,1,0,0,1,
 ,459,YMR220W,-1.27E-11,-1.28E-11,0,0,
 ,460,YDR353W,1,0,0,1,
 ,461,YIR027C,1,0,0,1,
 ,462,YDL080C,1,0,0,1,
 ,463,YOR273C,1,0,0,1,
 ,464,YJR073C,-1.48E-11,-1.16E-11,-2.76E-11,9.26E-12,
 ,465,YNR057C,1,0,0,1,
 ,466,YGL067W,1,1,1,0.999999997,
 ,467,YDR074W,0,0,0,0,
 ,468,YGL077C,1,0,0,1,
 ,469,YOR332W,1,0,0,1,
 ,470,YBL099W,0,0,0,0,
 ,471,YGR208W,0.998605738,0.998605737,1,1,
 ,472,Q0250,0.757180381,0.75718038,0,0,
 ,473,YDR536W,1,0,1,0.999999998,
 ,474,YCR075C,1,0,0,1,
 ,475,YNL316C,0,0,0,0,
 ,476,YFR055W,1,1,0,0.999999998,
 ,477,YGR248W,1,0,0,1,
 ,478,YIL164C,1,0,0,1,
 ,479,YMR267W,1,1,0.999999975,0,
 ,480,YIL116W,1,0,0,1,
 ,481,YLR109W,0.999999999,1,0.999999993,0.999999999,
 ,482,YOR190W,1,0,0,1,
 ,483,YKR009C,1,1,0,0.999999987,
 ,484,YGR094W,1,0,0,1,
 ,485,YDR402C,0.999999997,1,0.999999997,1.000000001,
 ,486,YDR178W,1,0,0,1,
 ,487,YJR103W,1,0,0,1,
 ,488,YBR265W,1,1,0,1.000000003,
 ,489,YML070W,1,0,0,1,
 ,490,YDR232W,1,0,0,1,
 ,491,YOL077W-A,1,0,0,1,
 ,492,YGR124W,1,0,0,1,
 ,493,YLR343W,1,0,0,1,
 ,494,YMR307W,1,0,0,1,
 ,495,YBR020W,1,0,0,1,
 ,496,YGR264C,1,0,0,1,
 ,497,YOR222W,1,0,0,1,
 ,498,YHR137W,1,0,0,1,
 ,499,YOR348C,1,0,0,1,
 ,500,YGL248W,1,0,0,1,
 ,501,YGR292W,1,0,0,1,
 ,502,YGL055W,1,1,1,0.999999999,
 ,503,YDL245C,1,0,0,1,
 ,504,YJR025C,0,1,0,1,
 ,505,YBR092C,1,0,0,1,
 ,506,YOR393W,1,0,0,1,
 ,507,YBR145W,1,0,0,1,
 ,508,YBR068C,1,0,0,1,
 ,509,YNR034W,1,0,0,1,
 ,510,YLR189C,1,0,0,1,
 ,511,YOL061W,1,0,0,1,
 ,512,YLR195C,1,0,0,1,
 ,513,YMR250W,0,1,0,1,
 ,514,YDR483W,1,0,0,1,
 ,515,YFL030W,0.996778791,0.996778791,1,0.985709306,
 ,516,YGR254W,1,0,0,1,
 ,517,YER061C,1,1,0,0.999999998,
 ,518,YNL111C,1,1,1,1,
 ,519,YOR168W,1,0,0,1,
 ,520,YLR231C,1,0,0,0.999999998,
 ,521,YKL184W,1,1,1,0.999999998,
 ,522,YNL129W,0,1,0.999999998,1,
 ,523,YJR139C,-2.38E-11,-2.03E-11,-7.09E-12,-1.55E-10,
 ,524,YKL016C,0,0,0,0,
 ,525,YPL111W,0.999999999,0,0.999999999,0,
 ,526,YER183C,1,0,0,1,
 ,527,YLR160C,1,0,0,1,
 ,528,YKL174C,1,1,1,1,
 ,529,YDL066W,0.997045718,0,0.997227016,0.998673223,
 ,530,YOR130C,-3.73E-11,-1.71E-11,-3.70E-11,0,
 ,531,YKR093W,1,0,0,1,
 ,532,YMR319C,1,1,1,1,
 ,533,YOL066C,0,-1.15E-11,-3.98E-11,0,
 ,534,YBR085W,1,0,0,1,
 ,535,YBR184W,1,0,0,1,
 ,536,YCR098C,0.999999999,1,0,0.999999996,
 ,537,YKL026C,1,0,0,1,
 ,538,YKL212W,1,0,0,1,
 ,539,YNR050C,0,0,0,0,
 ,540,YJR078W,0,0,0,0.999999996,
 ,541,YPL188W,1,0,0,1,
 ,542,YOL033W,1,0,0,1,
 ,543,YGR180C,1,1,1,0,
 ,544,YNL073W,1,0,0,1,
 ,545,YOR374W,1,1,0.999999997,0,
 ,546,YFR047C,1,1,0,1,
 ,547,YBR132C,1,1,0,0.999999997,
 ,548,YML110C,1,1,0,0.999999999,
 ,549,YOL011W,1,0,0,1,
 ,550,YLR372W,1,1,1,0.999999998,
 ,551,YPR138C,1,0,0,1,
 ,552,YPL276W,1,0,0,1,
 ,553,YAR075W,1,0,0,1,
 ,554,YOR171C,1,0,0,1,
 ,555,YBR248C,1,0,0,1,
 ,556,YHL016C,1,1,1,0.999999996,
 ,557,YLR201C,1,1,0,0.999999999,
 ,558,YFL017C,1,0,0,1,
 ,559,YDL168W,0,1,1.000000002,0.999999999,
 ,560,YIL134W,1,1,1,0.999999998,
 ,561,YDR236C,0.999999999,0,1,0.999999999,
 ,562,YKL106W,1,1,0.998564703,0.998945191,
 ,563,YLR307W,1,0,0,1,
 ,564,YCR053W,0,0,0,0,
 ,565,YER005W,1,1,1.000000001,0.999999999,
 ,566,YGL063W,1,0,0,1,
 ,567,YIL053W,1,0,0,1,
 ,568,YGL148W,0,0,0,0,
 ,569,YNL192W,1,0,0,1,
 ,570,YCL035C,1,0,0,1,
 ,571,YKR053C,1,0,0,1,
 ,572,YLR420W,1,0,0,1,
 ,573,YOL056W,1,0,0,1,
 ,574,YHR144C,0.999969967,0.999969967,0.999971613,0.999979147,
 ,575,YDR208W,0.999999999,0,1,1.000000002,
 ,576,YJR077C,0.984584335,0.984584335,0.80933059,0.814567142,
 ,577,YGR088W,1,0,1,0.999999999,
 ,578,YDR297W,1,1,1,0.999999998,
 ,579,YAR015W,-7.72E-12,-2.02E-11,-1.11E-11,-3.09E-11,
 ,580,YLR299W,1,0,0,1,
 ,581,YOR176W,1,0,0,1,
 ,582,YOR109W,1,0,0,1,
 ,583,YOL049W,1,1,0.999999999,0,
 ,584,YDR158W,0,0,0,0,
 ,585,YBR180W,0.999999997,1,0.999999997,1.000000001,
 ,586,YNL247W,1,0,0,1,
 ,587,YHR128W,0.999999997,1,0,0.999999999,
 ,588,YOL126C,1,1,0.999999999,0.999999998,
 ,589,YCR073W-A,1,0,0,1,
 ,590,YMR120C,1,0,0,1,
 ,591,YDR256C,0,1,0.999999997,1,
 ,592,YOR143C,1,1,0.999999989,0.999999998,
 ,593,YDL052C,1,0,0,1,
 ,594,YER175C,1,0,0,1,
 ,595,YIL009W,1,0,0,1,
 ,596,YIL168W,1,0,0,1,
 ,597,YML075C,1,0,0,1,
 ,598,YCR024C,1,0,0,1,
 ,599,YAL044C,1,1,0.994809747,0.992181049,
 ,600,YGR061C,1.33E-12,-6.87E-12,-1.24E-11,0,
 ,601,YLR355C,-8.78E-12,-3.68E-11,1.45E-11,-1.70E-10,
 ,602,YCR032W,1,1,1,1,
 ,603,YPR081C,1,0,0,1,
 ,604,YMR118C,1,0,0,1,
 ,605,YIL043C,1,0,0,1,
 ,606,YPL134C,1,0,0,1,
 ,607,YOL096C,1,1,0,0.999999999,
 ,608,YDR284C,1,0,0,1,
 ,609,YOR108W,1,0,0,1,
 ,610,YLR151C,1,0,0,1,
 ,611,YPR121W,1,0,0,1,
 ,612,Q0105,0,0.762713428,0,0,
 ,613,YEL071W,1,0,0,1,
 ,614,YMR272C,1,1,0,0.999999904,
 ,615,YML120C,1,0,0,1,
 ,616,YHR106W,1,1,0.999999998,1,
 ,617,YKL132C,1,0,0,1,
 ,618,YDL040C,1,0,0,1,
 ,619,YCL004W,1,1,0,0,
 ,620,YLR153C,-1.07E-11,-3.39E-11,0,-3.25E-10,
 ,621,YMR226C,1,0,0.999999985,0,
 ,622,YMR008C,1,0,0,1,
 ,623,YBL015W,0.999999999,1,0.999999998,0.999999999,
 ,624,YEL027W,1,0,0,1,
 ,625,YHL012W,1,0,0,1,
 ,626,YGR183C,0,0.762713428,0,0,
 ,627,YBL076C,1,0,1,0.999999998,
 ,628,YPR191W,0,0.762713428,0,0,
 ,629,YLR017W,0,1,0,0.99999999,
 ,630,YJR010W,1,1,1.000000002,0.999999999,
 ,631,YBR041W,1,1,0.999999995,0.999999999,
 ,632,YNR033W,1,1,0.999999999,0,
 ,633,YGR193C,0,0.960596763,0.980508095,0.999999984,
 ,634,YDR487C,0,0,0,0,
 ,635,YJR051W,1,1,1.000000002,0.999999996,
 ,636,YPL273W,1,0,0,1,
 ,637,YOL030W,1,0,0,1,
 ,638,YDR261C,1,0,0,1,
 ,639,YKL218C,1,0,0,1,
 ,640,YNL009W,0.999999999,0,1,0.999999995,
 ,641,YER065C,0.996778791,0.996778791,0.999999993,-8.94E-11,
 ,642,YEL011W,1,1,0.999999988,0,
 ,643,YML035C,0,1,0,1,
 ,644,YDR453C,0,1,0,0.999999999,
 ,645,YDR037W,1,0,0,1,
 ,646,YER178W,0,0.960596764,0.980508095,1.000000004,
 ,647,YGR170W,1,0,1,0,
 ,648,YDL247W,1,0,0,1,
 ,649,YFL022C,1,0,0,1,
 ,650,YDR047W,1,0,0,1,
 ,651,YDR321W,1,0,0,1,
 ,652,YNR001C,1,0,0,1,
 ,653,YNL071W,0,0.960596763,0.980508095,0.999999984,
 ,654,YMR088C,1,0,0,1,
 ,655,YDR147W,1,0,0,1,
 ,656,YDL093W,1,0,0,1,
 ,657,YLR295C,0,0,0,0,
 ,658,YDR530C,1,0,1,1,
 ,659,YKL148C,1,0,0,1,
 ,660,YKL192C,1,1,0,0.999999998,
 ,661,YKL216W,0,1,1.000000001,0.999999999,
 ,662,YER086W,1,1,0,0,
 ,663,YGL001C,0,-7.72E-12,-1.03E-11,-9.82E-11,
 ,664,YBR291C,1,1,1,0.999999999,
 ,665,YJR160C,1,0,0,1,
 ,666,YPL189W,1,0,0,1,
 ,667,YLR285W,1,0,0,1,
 ,668,YPR156C,1,0,0,1,
 ,669,YJL060W,0,0,0,0.999999996,
 ,670,YOR100C,0,0,1,1,
 ,671,YPL252C,1,0,0,1,
 ,672,YKR097W,1,0,1,-2.97E-10,
 ,673,YPL172C,1,0,0,1,
 ,674,YML042W,0,1,0,1,
 ,675,YHR019C,1,0,0,1,
 ,676,YNL037C,0,0.999999998,0.999999999,0.999999998,
 ,677,YKL211C,0,0,0,0,
 ,678,YDL131W,1,0,0,1,
 ,679,YMR054W,1,0,0,1,
 ,680,YIL107C,1,0,0,1,
 ,681,YER053C,0,1,0,1,
 ,682,YOR126C,0,1,0.999999998,1,
 ,683,YKR066C,0,1,1.000000001,0.999999989,
 ,684,YIR034C,0,0,0,0,
 ,685,YLR081W,1,0,0,1,
 ,686,YCL050C,1,1,0.999999999,1.000000001,
 ,687,YLR303W,1,0,0,1,
 ,688,YER043C,0,-2.01E-11,-4.95E-11,-3.07E-11,
 ,689,YGR087C,1,0,0,1,
 ,690,YGL008C,1,0,0,1,
 ,691,YJL026W,0,1,1.000000001,0,
 ,692,YOL103W,1,0,0,1,
 ,693,YCL025C,1,0,0,1,
 ,694,YBR034C,1,0,0,1,
 ,695,YMR108W,1.76E-11,3.85E-12,-2.94E-11,0,
 ,696,YDR272W,0,1,0.999999992,0.999999984,
 ,697,YGR289C,1,0,0,1,
 ,698,YGR157W,-1.48E-11,-1.16E-11,-2.76E-11,9.26E-12,
 ,699,YJR143C,1,0,0,1,
 ,700,YBR196C,0.804066383,0.40812331,0,-3.12E-10,
 ,701,YMR083W,0,1,0.999999998,1,
 ,702,YGR147C,1,0,0,1,
 ,703,YFL018C,0.960596764,0.960596764,0,0.992181036,
 ,704,YMR261C,1,0,0,1,
 ,705,YBR018C,1,-1.22E-11,0,0.999999998,
 ,706,YLR142W,1,1,0.999999991,0.999999999,
 ,707,YBR006W,1,1,1,0.999999998,
 ,708,YLR038C,0.757180381,0.75718038,0,0,
 ,709,YJL139C,1,0,1,0.999999998,
 ,710,YDL015C,1,1,1,0.999999998,
 ,711,YHR068W,1,0,0,1,
 ,712,YCR036W,1,1,0.999999995,0,
 ,713,YGR287C,1,0,0,1,
 ,714,YER015W,0,0,1.000000001,1.000000001,
 ,715,YBR166C,0,1,1,1.000000003,
 ,716,YMR170C,1,0,0,1,
 ,717,YIL155C,1,1,0.999999999,1,
 ,718,YGR171C,1,0,0,1,
 ,719,YJR121W,0,0,0,0,
 ,720,YDR035W,1,1,0.999999999,0.999999996,
 ,721,YGR055W,1,0,0,0,
 ,722,YDR502C,1,0,0,1,
 ,723,YGR065C,1,0,0,1,
 ,724,YER062C,1,0,0,1,
 ,725,YPR192W,1,0,0,1,
 ,726,YGR247W,1,0,0,1,
 ,727,YDR098C,1,0,0,1,
 ,728,YLR245C,0,1,0,0.999999999,
 ,729,YHR092C,1,0,0,1,
 ,730,YNR016C,0,0,0,0,
 ,731,YPR026W,0,1,1.000000001,0.999999982,
 ,732,YLR070C,1,0,0,1,
 ,733,YIL078W,1,0,0,1,
 ,734,YBR023C,1,0,0,1,
 ,735,YNL052W,1,0,0,1,
 ,736,YGL184C,1,1,0.999999992,0,
 ,737,YBL042C,1,0,0,1,
 ,738,YNR008W,1,1,1,0.999999997,
 ,739,YBR249C,1,0,0,1,
 ,740,YLR155C,1,0,0,1,
 ,741,YEL069C,1,0,0,1,
 ,742,YDR341C,1,0,0,1,
 ,743,YLL052C,1,0,0,1,
 ,744,YGR012W,1,0.999999999,1,0.999999999,
 ,745,YBR084W,1,0,0.999999998,0,
 ,746,YDR127W,0,0,0,0,
 ,747,YGR202C,1,0,0.999999999,1,
 ,748,YEL063C,1,0,0,1,
 ,749,YKL120W,1,1,1,0.999999999,
 ,750,YJR057W,1,1,0.999999994,0.999999998,
 ,751,YJL045W,1,0,0,1,
 ,752,YKL127W,1,0,0,1,
 ,753,YPR001W,1,1,1.000000001,0.999999999,
 ,754,YMR011W,1,0,0,1,
 ,755,YEL024W,0,0.762713428,0,0,
 ,756,YJL126W,1,0,0.999999985,0.999999999,
 ,757,YKL067W,-2.48E-11,-4.24E-12,0,-7.22E-11,
 ,758,YLR158C,1,0,0,1,
 ,759,YIL099W,1,1,0,1,
 ,760,YJR009C,1,0,0,1,
 ,761,YPR145W,1,0,0,1,
 ,762,YDR023W,1,0,0,1,
 ,763,YOR375C,1,0,0,1,
 ,764,YOR347C,1,0,0,1,
 ,765,YLR092W,1,0,0,1,
 ,766,YKL141W,1,0,0,1,
 ,767,YDR072C,1,0,0,1,
 ,768,YDR298C,0,0,0,0,
 ,769,YIL020C,1,0,0,0,
 ,770,YBR208C,0.999999999,1,0,0.999999999,
 ,771,YOL059W,0,1,0,0.999999999,
 ,772,YOR099W,1,0,0,1,
 ,773,YER056C,1,0,0,1,
 ,774,YML100W,1,0,0,1,
 ,775,YNL117W,1,0,0,1,
 ,776,YKL150W,1,0,0,1,
 ,777,YMR105C,1,0,0,1,
 ,778,YHR026W,1,0,0,1,
 ,779,YPL160W,1,0,0,1,
 ,780,YHR043C,1,0,0,1,
 ,781,YBR011C,0.977289178,0,0.978508188,0.951226724,
 ,782,YGR037C,0,0,0,0,
 ,783,YLR172C,1,0,0,1,
 ,784,YPL091W,0,1,1,0.999999999,
 ,785,YBL039C,1,0,0,1,
 ,786,YNR058W,1,0,0,1,
 ,787,YML096W,1,0,0,1,
 ,788,YPL147W,1,0,0,1,
 ,789,YOR323C,1,1,0.999999998,0.999999999,
 ,790,YDR300C,0,1,0,1.000000003,
 ,791,YML106W,1,0,0,1,
 ,792,YJL214W,1,0,0,1,
 ,793,YMR169C,1,0,0,1,
 ,794,YLR240W,1,0,0,1,
 ,795,YER026C,0,0,0,0,
 ,796,YPR069C,0.999999998,1,0.999999994,0.999999998,
 ,797,YMR215W,1,0,0,1,
 ,798,YOL151W,1,0,0,1,
 ,799,YJR095W,1,0,0,1,
 ,800,YOL143C,0,0,0,0,
 ,801,YCR024C-A,1,1,1.000000003,1,
 ,802,YOR142W,0,0.986498102,1,0,
 ,803,YPL281C,1,0,0,1,
 ,804,YOR040W,1,0,0,1,
 ,805,YFR033C,0,0.762713428,0,0,
 ,806,YEL046C,1,1,0.990593225,0,
 ,807,YBR192W,1,0.999999997,0,0.999999985,
 ,808,YLR020C,1,0,0,1,
 ,809,YDL022W,1,1,0.999999999,0.999999999,
 ,810,YPR021C,0.997471831,0.997471831,0,0.999999999,
 ,811,YLR044C,1,0,0,1,
 ,812,YLL018C,1,0,0,1,
 ,813,YDL078C,1,1,1.000000002,1,
 ,814,YPR060C,0,0,0,0,
 ,815,YMR271C,1,0,0,1,
 ,816,YOR074C,-8.90E-12,-1.10E-12,-6.19E-11,-4.86E-10,
 ,817,YBR221C,0,0.960596764,0.980508095,1.000000004,
 ,818,YLR146C,0.999999998,0,0,0.999999996,
 ,819,YOR155C,1,1,0.999999994,1,
 ,820,YHR174W,1,0,0,1,
 ,821,YIR032C,1,0,0,1,
 ,822,YCL009C,1.76E-11,3.85E-12,-2.94E-11,0,
 ,823,YJL121C,0.997311963,0.997311961,0.988488642,0.994152804,
 ,824,YMR208W,-2.32E-11,-2.34E-11,3.15E-11,-4.89E-10,
 ,825,YKL008C,1,0,0,1,
 ,826,YMR189W,1,1,0.994809747,0.992181049,
 ,827,YNL029C,1,0,0,1,
 ,828,YKL140W,1,0,0,1,
 ,829,YPL069C,1,1,0,0.999999999,
 ,830,YBR093C,1,0,0,1,
 ,831,YJL196C,1,1,0,0.999999999,
 ,832,YPR160W,1,0,0.999999991,0.999999997,
 ,833,YGR175C,0,0,-3.16E-11,-1.63E-10,
 ,834,YIL145C,1,0,0,1,
 ,835,YEL041W,1,0,0,1,
 ,836,YLR058C,0.983854586,0.983854587,0.983249391,0.987500911,
 ,837,YGR240C,0.244634905,0.186053781,0,1.000000003,
 ,838,YBR058C-A,1,0,0.999999995,1.000000003,
 ,839,YJR137C,1,0,0,1,
 ,840,YNR012W,0.998617849,0.998617849,0,0.999039928,
 ,841,YLR134W,1,0,0,1,
 ,842,YMR020W,1,1,1,0.999999998,
 ,843,YDR111C,0.997981145,0.997981145,0.998645203,0,
 ,844,YPL110C,1,1,1,1.000000005,
 ,845,YDR377W,0,0,0,0,
 ,846,YIL010W,1,0,0,0,
 ,847,YBR298C,1,0,0,1,
 ,848,YHR091C,1,0,0,1,
 ,849,YHR072W,-1.92E-11,-2.04E-11,-8.82E-11,-1.32E-10,
 ,850,YKL001C,1,1,0,1,
 ,851,YNL106C,1,0,0,1,
 ,852,YPL231W,0,0,0,0,
 ,853,YIL066C,1,0,0,1,
 ,854,YHR183W,1,0,0,1,
 ,855,YGL253W,1,0,0,1,
 ,856,YFR015C,1,0,0,1,
 ,857,YDR345C,1,0,0,1,
 ,858,YHL032C,1,1,1.000000002,1,
 ,859,YIL002C,1,0,0,1,
 ,860,YPR035W,-1.97E-11,-1.64E-11,-8.99E-12,-1.24E-10,
 ,861,YNR041C,1,1,0,0.999999999,
 ,862,YJL068C,1,0,0,1,
 ,863,YMR306W,1,0,0,1,
 ,864,YLR138W,1,0,0,1,
 ,865,YDR148C,0.986498101,0.986498102,1,0.999999999,
 ,866,YHR046C,0.00062822,0.00062822,0.002126978,0.006204238,
 ,867,YOL132W,1,0,0,1,
 ,868,YHR096C,1,0,0,1,
 ,869,YHR216W,1,0,0,1,
 ,870,YKR061W,1,0,0,1,
 ,871,YOR278W,1,0,0,1,
 ,872,YOL052C,1,1,1,0.999999999,
 ,873,YKR031C,1,1,1,0.999999999,
 ,874,YDL141W,1,0,0,1,
 ,875,YHR051W,0.757180381,0.75718038,0,0,
 ,876,YHL003C,1,0,1,0.999999998,
 ,877,YJL155C,1,0.999999999,0.999999991,0.999999998,
 ,878,YDR342C,1,0,0,1,
 ,879,YLR284C,1,0,0,1,
 ,880,YPL078C,0,0,0,0,
 ,881,YOR125C,1,1,0,0.999999997,
 ,882,YDR400W,1,1,0.99999999,1,
 ,883,YDR508C,1,0,0,1,
 ,884,YLL048C,1,0,0,1,
 ,885,YGL234W,1.33E-12,-6.87E-12,-1.24E-11,0,
 ,886,YOL055C,1,0,0,1,
 ,887,YLR304C,1,0,0.999999997,0,
 ,888,YFR053C,1,0,0,1,
 ,889,YOR065W,0,0.762713428,0,0,
 ,890,YDR001C,1,0,0.999999985,0.999999999,
 ,891,YIL162W,1,0,0,1,
 ,892,YDR294C,1,0,0,1,
 ,893,YGL187C,0.757180381,0.75718038,0,0,
 ,894,YBL011W,1,0,1,0.999999998,
 ,895,YBR001C,1,0,0,1,
 ,896,YER019W,1,1,0.999999999,0.999999999,
 ,897,YDR529C,0,0.762713428,0,0,
 ,898,YER060W-A,1,0,0.999999985,0.999999999,
 ,899,YOR317W,1,0,0,1,
 ,900,YBR299W,1,0,0,1,
 ,901,YJR066W,1,0,0,1,
 ,902,YAL022C,1,0,0,1,
 ,903,YLR328W,1,1,1,0.999999998,
 ,904,YLR100W,0,-7.72E-12,-1.03E-11,-9.82E-11,
 ,905,YIR028W,1,0,0,1,