 ,No.,Deletion,Glucose (aerobe),Glucose (anaerobe),Galactose,Glycerol,Ethanol
 ,1,YAL012W,0.9991507003872768, ,0.9991506989409759,0.9999219443679763,0.9989497437551622
 ,2,YDR384C,0.9999999997062783, ,0.9999999997666945,0.9999999868867909,0.9999999977202035
 ,3,YHR163W,0.9999999997062216, ,1.0000000002158869,1.0000000018688742,0.999999999590887
 ,4,YOR011W,0.9999999997062216, ,1.0000000002158869,1.0000000018688742,0.999999999590887
 ,5,YDR050C,0.24478490664494362, ,0.2447849216316496,0.4125542177277731,0.0
 ,6,YMR323W,0.999999999702927, ,0.9999999955083538,0.9999999614447248,1.0000000000000802
 ,7,YLL062C,0.999999999702927, ,0.9999999955083538,0.9999999614447248,1.0000000000000802
 ,8,YHR067W,0.9999999997062705, ,0.9999999997640625,0.9999999977343026,1.0000000009562977
 ,9,YBR213W,0.9999999997062705, ,0.9999999997640625,0.9999999977343026,1.0000000009562977
 ,10,YDR481C,0.9999999997062705, ,0.9999999955083538,0.9999999626011823,1.0000000009562977
 ,11,YER014W,0.9999999997062705, ,0.9999999997640625,0.9999999977343026,1.0000000009562977
 ,12,YMR205C,0.24463490539889007, ,0.18605378395725541,0.9999999977343026,1.0000000009562977
 ,13,YIL094C,0.0, ,0.0,0.0,0.0
 ,14,YCR005C,0.9999999991064891, ,1.0000000030228728,0.9999999977343481,1.000000000000756
 ,15,YPL040C,0.9999999996254975, ,0.9999999948252158,0.9999999977343379,1.0000000048204853
 ,16,YNL003C,0.9999999998517248, ,0.9999999997640964,0.9999999977342616,0.9999999999999932
 ,17,YDR503C,0.9999999998517248, ,0.9999999997640964,0.9999999977342616,0.9999999999999932
 ,18,YJL212C,0.9999999998517248, ,0.9999999997640964,0.9999999977342616,0.9999999999999932
 ,19,YPL244C,0.9999999998517248, ,0.9999999997640964,0.9999999977342616,0.9999999999999932
 ,20,YDL238C,0.9999999998517248, ,0.9999999997640964,0.9999999977342616,0.9999999999999932
 ,21,YJR153W,0.9999999998517248, ,0.9999999997640964,0.9999999977342616,0.9999999999999932
 ,22,YLR089C,0.9999999998517248, ,0.9999999997640964,0.9999999977342616,0.9999999999999932
 ,23,YDR513W,0.9999999998517248, ,0.9999999997640964,0.9999999977342616,0.9999999999999932
 ,24,YEL058W,0.9999999998517248, ,0.9999999997640964,0.9999999977342616,0.9999999999999932
 ,25,YKL024C,-3.4156903652382347e-10, ,-6.831380730871392e-10,0.0,-2.0239808293699343e-08
 ,26,YLR395C,0.7571803800839171, ,0.7571803803709817,0.0,0.0
 ,27,YDR305C,0.9999999996965698, ,0.9999999997640642,0.9999999977343326,0.999999999999971
 ,28,YLR348C,1.0000000115042884, ,0.9999999997640485,0.9999999975421089,0.9999999999999929
 ,29,YBR121C,1.0000000145784098, ,0.9999999998147613,0.9999999981563323,0.9999999999999724
 ,30,YEL042W,0.9999999936640764, ,0.9999999988735306,0.9999999977343781,0.9999999999999936
 ,31,YLR382C,0.9999999936640764, ,0.9999999988735306,0.9999999977343781,0.9999999999999936
 ,32,YKL188C,0.9999999936640764, ,0.9999999988735306,0.9999999977343781,0.9999999999999936
 ,33,YFL045C,0.0, ,0.0,0.0,0.0
 ,34,YMR015C,0.9999999995307984, ,0.999999995166785,0.999999997734386,0.9999999999999917
 ,35,YBL033C,0.0, ,0.0,0.0,0.0
 ,36,Q0085,0.822271212331982, ,0.8222712170807696,0.40194168883106507,0.0
 ,37,YBR117C,1.0000000002325105, ,0.9999999998797495,1.0000000042556978,0.9999999999999983
 ,38,YIL124W,0.9999999997200415, ,0.9999999997783708,0.9999999940421311,0.9999999999999888
 ,39,Q0080,0.8222712126831149, ,0.8222712169488805,0.40194169002776736,0.0
 ,40,YGR194C,0.9999999995493721, ,0.9999999997642709,0.999999997734385,1.0000000011435477
 ,41,YMR009W,0.9999999992461088, ,0.9999999997642709,0.9999999932881682,0.9999999002293946
 ,42,YPL274W,0.9999999997228363, ,0.999999999764033,0.9999999970163778,1.0000000061351144
 ,43,YAR073W,0.9999999997062888, ,0.999999997421381,0.9999999977330299,0.999999985325957
 ,44,YJL219W,0.9999999997228363, ,0.999999999764033,0.9999999970163778,1.0000000000000053
 ,45,YEL051W,0.9999999997228363, ,0.999999999764033,0.9999999970163778,1.0000000000000053
 ,46,YDR046C,0.9999999997228363, ,0.999999999764033,0.9999999970163778,1.0000000000000053
 ,47,YKL203C,0.9999999997228363, ,0.999999999764033,0.9999999970163778,1.0000000000000053
 ,48,YOR202W,0.9999999997228363, ,0.999999999764033,0.9999999970163778,1.0000000000000053
 ,49,YGL245W,0.9999999997228363, ,0.999999999764033,0.9999999970163778,1.0000000000000053
 ,50,YER081W,0.9999999997228363, ,0.999999999764033,0.9999999970163778,1.0000000000000053
 ,51,YJL070C,0.9999999997228363, ,0.999999999764033,0.9999999970163778,1.0000000000000053
 ,52,YNL241C,0.9999999997228363, ,0.999999999764033,0.9999999970163778,1.0000000000000053
 ,53,YER070W,1.0000000000329154, ,0.999999999764033,1.0000000113832805,1.0000000103072193
 ,54,YPL262W,0.9776206388667753, ,0.9776206389232406,0.9999999977339898,0.0
 ,55,YPL036W,0.9999999997061269, ,0.9999999997634175,0.9999999977322305,1.0000000000005487
 ,56,YKL029C,0.9999999930595606, ,0.9999999997640475,1.000000006698822,1.000000000000693
 ,57,YHR025W,0.0, ,0.0,0.0,0.0
 ,58,YHL036W,0.9999999997060726, ,0.9999999997641073,0.9999999614447248,0.9999999931598752
 ,59,YML056C,0.9999999997060726, ,0.9999999997641073,0.9999999614447248,0.9999999931598752
 ,60,YML059C,0.9999999997062752, ,0.9999999997640497,0.9999999960426965,0.999999999999981
 ,61,YIL074C,0.9999999997062752, ,0.9999999997640497,0.9999999960426965,0.999999999999981
 ,62,YKL104C,0.9999999997062752, ,0.9999999997640497,0.9999999960426965,0.999999999999981
 ,63,YCL040W,0.9999999997062752, ,0.9999999997640497,0.9999999960426965,0.999999999999981
 ,64,YLR447C,0.9999999997062752, ,0.9999999997640497,0.9999999960426965,0.999999999999981
 ,65,YOL058W,0.0, ,0.0,0.0,0.0
 ,66,YAR035W,0.9999999997062877, ,0.9999999997735879,0.9999999977343913,1.000000000166067
 ,67,YCR012W,0.14076581054281948, ,0.14076580649642906,0.4612048189274399,-1.2463939123733651e-09
 ,68,YOL156W,0.9999999997062903, ,0.9999999997640825,1.0000000006981016,1.0000000000474139
 ,69,Q0275,0.7571803803270919, ,0.7571803818550229,0.0,0.0
 ,70,YPR074C,0.9999999997062332, ,0.9999999979936103,0.9999999977339908,0.9999999999999982
 ,71,YPR128C,0.9999999997980696, ,0.9999999997637472,1.0000000002592637,0.9999999999999925
 ,72,YGR244C,0.9864981007093082, ,0.9864980932518191,1.0000000002592637,0.9999999999999925
 ,73,YDR354W,0.0, ,0.0,0.0,0.0
 ,74,YJR049C,0.9999999997062413, ,0.9999999997651602,0.9999999992812745,1.000000002700362
 ,75,YGR020C,0.9999999996965624, ,0.9999999992303501,0.9999999952224791,0.999999999991186
 ,76,YGR121C,0.9999999996965624, ,0.9999999992303501,0.9999999951110492,0.999999999991186
 ,77,YHR042W,0.0, ,0.0,0.0,0.0
 ,78,YMR289W,0.9999999996901925, ,0.9999999997640856,1.0000000009246173,1.0000000000009093
 ,79,YPR002W,0.9999999995557537, ,0.9999999997640655,1.000000018897644,0.9999999999999895
 ,80,YDR242W,0.9999999997125031, ,0.9999999975549468,1.000000018897644,0.9999999999998852
 ,81,YCR083W,1.0000000133793243, ,0.9999999997640638,1.000000018897644,0.9999999999998852
 ,82,YKR067W,1.0000000133793243, ,0.9999999997640638,1.000000018897644,0.9999999999998852
 ,83,YJL198W,1.0000000133793243, ,0.9999999997640638,1.000000018897644,0.9999999999998852
 ,84,YNL267W,0.9999999997228363, ,0.999999999764033,0.9999999970163778,1.0000000000000053
 ,85,YPL104W,1.0000000133793243, ,0.9999999997640638,1.000000018897644,0.9999999999998852
 ,86,YAL054C,1.0000000133793243, ,0.9999999997640638,1.000000018897644,0.9275671650411833
 ,87,YOR192C,1.0000000133793243, ,0.9999999997640638,1.000000018897644,0.9999999999999692
 ,88,YER052C,0.0, ,0.0,0.0,0.0
 ,89,YDL185W,0.999999999604848, ,0.9999999997640472,0.9999999977343245,1.0000000006009648
 ,90,YMR202W,1.0000000003020688, ,0.9999999990806657,1.0000000156890687,1.000000000845688
 ,91,YGL062W,1.0000000003020688, ,0.9999999990806657,1.0000000156890687,1.000000000845688
 ,92,YER003C,0.0, ,0.0,0.0,0.0
 ,93,YBR252W,0.9999999999230111, ,0.999999999755917,0.9999999977344197,0.9999999999999974
 ,94,YDR173C,0.9999999972473802, ,0.9999999995440604,0.999999997730613,0.9999999991563879
 ,95,YCL030C,0.9999999972473802, ,0.9999999995440604,0.999999997730613,0.9999999991563879
 ,96,YDL021W,0.9999999972473802, ,0.9999999995440604,0.999999997730613,0.9999999991563879
 ,97,YDR399W,0.9999999972473802, ,0.9999999995440604,0.999999997730613,0.9999999991563879
 ,98,YLR043C,0.9999999972473802, ,0.9999999995440604,0.999999997730613,0.9999999991563879
 ,99,YBR029C,0.0, ,0.0,0.0,0.0
 ,100,YGL037C,0.9999999996900857, ,0.9999999978993372,0.9999999872564639,0.9999999983279984
 ,101,YPL268W,0.9999999995720424, ,1.0000000040475798,0.9999999977343385,1.000000000067445
 ,102,YOR120W,0.999999999706255, ,0.9999999960555476,0.9837533283143861,0.9999999474556139
 ,103,YBR263W,0.9999999996154643, ,0.9999999965887765,0.9948097562137275,0.9921810470649262
 ,104,YBR035C,0.9999999983883264, ,0.9999999998303487,0.9999999960426965,1.0000000000000029
 ,105,YOL086C,0.9999999983883264, ,0.9999999997641073,0.9999999979508952,0.9999999999999961
 ,106,YMR113W,0.9999999983883264, ,0.9999999997641073,0.9999999979508952,0.9999999999999961
 ,107,YLR300W,0.9999999983883264, ,0.9999999997641073,0.9999999979508952,0.9999999999999961
 ,108,YMR084W,0.9999999983883264, ,0.9999999997641073,0.9999999979508952,0.9999999999999961
 ,109,YDR019C,0.9999999993969437, ,0.9999999999487514,0.994809756446724,0.992181049988951
 ,110,YGR010W,0.9999999996154643, ,0.9999999965887765,0.9999999960315659,0.9999999998064858
 ,111,YBR019C,0.9999999983883264, ,0.0,0.9999999977344922,0.9999999999999792
 ,112,YER119C,0.9999999983883264, ,1.000000000290779,0.9999999976272249,0.9999999999999766
 ,113,YDR380W,0.9999999983883264, ,0.9999999998303487,0.9999999960426965,0.9999999999999565
 ,114,YGR191W,0.9999999983883264, ,0.9999999998303487,0.9999999960426965,0.9999999999999565
 ,115,YAL060W,0.9999999983883264, ,0.9999999998303487,0.9999999960426965,1.0000000000000218
 ,116,YMR006C,0.9999999983883264, ,0.9999999998303487,0.9999999960426965,0.999999999999998
 ,117,YJR130C,0.9999999983883264, ,0.9999999998303487,0.9999999960426965,0.9999999999999565
 ,118,YOR388C,1.0000000072385011, ,0.9999999997640938,0.9999999975587356,0.9999999998065812
 ,119,YHR063C,0.9999999997062572, ,1.0000000149976283,0.9999999981102528,0.9999999999998828
 ,120,YIL172C,0.9999999995770339, ,0.9999999998303487,0.9999999960426965,0.9999999999999963
 ,121,YLR011W,0.9999999983883264, ,0.9999999998303487,0.9999999960426965,1.0000000000000029
 ,122,YJL134W,0.9999999996281195, ,0.9999999997775131,0.9999999976804819,1.0000000236318543
 ,123,YKL146W,0.9999999983883264, ,0.9999999998303487,0.9999999960426965,1.0000000000000029
 ,124,YBL068W,1.000000000443317, ,1.0000000004378902,0.9999999976722669,1.0000000240983116
 ,125,YPR183W,0.0, ,0.0,0.0,0.0
 ,126,YHR104W,0.9999999951089749, ,0.9999999997235247,0.9999999967021039,1.000000000000024
 ,127,YDL004W,0.8222712195049316, ,0.8222712251342519,0.4019417044031123,0.0
 ,128,YEL017C-A,0.9999999997062672, ,0.9999999997324082,0.9999999973629985,1.0000000013852948
 ,129,YJL166W,0.7627134308708206, ,0.7627134331346848,0.0,0.0
 ,130,YJL200C,0.9999999997097156, ,0.9999999997489833,0.9999999892804781,1.0000000000000002
 ,131,YKL080W,0.9999999997963103, ,0.9999999997640729,1.0000000301637453,0.999999999999997
 ,132,YDR403W,0.9999999997963103, ,0.9999999997640729,1.0000000301637453,0.999999999999997
 ,133,YGR096W,0.9999999997062659, ,0.9999999998430757,0.9999999977343347,1.0000000000783664
 ,134,YPL059W,0.9999999997963103, ,0.9999999997640729,1.0000000301637453,0.999999999999997
 ,135,YLR377C,0.9999999997963103, ,0.9999999997640729,2.1972693445096553e-08,0.0
 ,136,YGL205W,0.9999999997963103, ,0.9999999997640729,0.9999999977343697,0.9999999929859
 ,137,YIL125W,0.9864981021647588, ,0.9864980963259404,0.9999999883735514,0.9999999999999888
 ,138,YDL210W,0.9999999995170735, ,0.9999999996298725,0.9999999977343638,1.0000000000000273
 ,139,YDR376W,1.000000000043368, ,0.999999999390684,0.9999999977343154,0.999999999999992
 ,140,YKR058W,0.999999999167127, ,0.9999999969950643,0.9999999977342819,1.00000000000005
 ,141,YKL194C,0.9999999995554807, ,0.999999999390684,0.9999999977343154,1.0000000000000988
 ,142,YHR208W,0.9999999997062265, ,0.999999999390684,0.9999999974399961,1.0000000000000988
 ,143,YNR013C,0.9999999996685258, ,0.999999999390684,0.9999999977345014,1.0000000000000988
 ,144,YPL148C,0.9999999997062494, ,0.999999999390684,0.999999997734357,1.0000000000000988
 ,145,YPL271W,0.8222712188217937, ,0.8222712169533775,0.4019417154270902,0.0
 ,146,YLL061W,0.9999999998668515, ,0.9999999944836467,0.9999999977343348,0.9999999916403494
 ,147,YAL062W,1.000000002697205, ,1.0000000022781645,1.0000000009204297,1.0000000009204626
 ,148,YLR237W,1.000000002697205, ,1.0000000022781645,1.0000000009204297,1.0000000009204626
 ,149,YDR531W,1.000000002697205, ,1.0000000022781645,1.0000000009204297,1.0000000009204626
 ,150,YIL013C,1.000000002697205, ,1.0000000022781645,1.0000000009204297,1.0000000009204626
 ,151,YFL055W,1.000000002697205, ,1.0000000022781645,1.0000000009204297,1.0000000009204626
 ,152,YOL136C,1.000000002697205, ,1.0000000022781645,1.0000000009204297,1.0000000009204626
 ,153,YOR221C,1.000000002697205, ,1.0000000022781645,1.0000000009204297,1.0000000009204626
 ,154,YOR071C,1.000000002697205, ,1.0000000022781645,1.0000000009204297,1.0000000009204626
 ,155,YPL214C,1.000000002697205, ,1.0000000022781645,1.0000000009204297,1.0000000009204626
 ,156,YBR293W,1.000000002697205, ,1.0000000022781645,1.0000000009204297,1.0000000009204626
 ,157,YGL084C,1.000000002697205, ,1.0000000022781645,1.0000000009204297,1.0000000009204626
 ,158,YPL092W,0.9999999997228363, ,0.999999999764033,0.9999999970163778,1.0000000000000053
 ,159,YGR019W,1.000000002697205, ,1.0000000022781645,1.0000000009204297,1.0000000009204626
 ,160,YGL191W,0.7571803803272282, ,0.7571803852599427,0.0,0.0
 ,161,YOL064C,1.0000000004937757, ,0.9999999997664532,0.9999999869217995,1.0000000055597282
 ,162,YDL142C,0.9999999997438854, ,0.9999999992656134,0.9999999983099167,0.9999999911702161
 ,163,YMR056C,0.9999999997062485, ,1.0000000004842133,0.9999999977343463,1.0000000000000322
 ,164,YJR001W,0.9999999999564647, ,0.9999999997640895,0.99999999773428,0.9999999999994136
 ,165,YHR123W,0.999999999167127, ,0.9999999969950643,0.9999999977342819,1.00000000000005
 ,166,YDL174C,0.999999999167127, ,0.9999999969950643,0.9999999977342819,1.00000000000005
 ,167,YER091C,0.999999999167127, ,0.9999999969950643,0.9999999977342819,1.00000000000005
 ,168,YGR256W,1.0000000094548742, ,0.9999999999049974,0.9999999977442621,1.00000000000001
 ,169,YLR209C,0.999999999167127, ,0.9999999969950643,0.9999999977342819,1.00000000000005
 ,170,YDL103C,0.999999999167127, ,0.9999999969950643,0.9999999977342819,1.00000000000005
 ,171,YOR128C,4.8161234149859106e-08, ,-7.029771232632507e-13,-4.998801999632568e-09,0.0
 ,172,YDL171C,0.999999999167127, ,0.9999999969950643,0.9999999977342819,1.00000000000005
 ,173,YML082W,0.999999999167127, ,0.9999999969950643,0.99999999773428,1.00000000000005
 ,174,YBR021W,0.0, ,-6.831380730871392e-10,0.0,1.6866506911416123e-08
 ,175,YLL057C,0.9999999998115545, ,0.9999999991806221,0.9999999977343478,1.0000000000014535
 ,176,YEL039C,0.9999999985415501, ,1.0000000060015557,0.9999999977343416,1.0000000000610056
 ,177,YPL061W,0.9985829071985661, ,0.9985829070210114,0.999165364918171,0.9521103825151629
 ,178,YBR296C,0.9999999997062448, ,0.9999999997640575,0.9999999977343469,1.0000000000006721
 ,179,YLR308W,0.9999999997062448, ,0.9999999997640575,0.9999999977343469,1.0000000000006721
 ,180,YDR454C,-4.098083458058859e-13, ,0.0,0.0,0.0
 ,181,YNL277W,0.9999999983883264, ,0.9999999997641073,0.9999999977343911,1.0000000006009635
 ,182,YER055C,0.999999999703224, ,0.9999999953913786,0.9999999977343251,1.0000000000000322
 ,183,YHR011W,0.999999999703224, ,0.9999999953913786,0.9999999977343251,1.0000000000000322
 ,184,YLL012W,0.999999999703224, ,0.9999999953913786,0.9999999977343251,1.0000000000000322
 ,185,YLR438W,0.9994849953391833, ,0.9994849953942161,0.9995132300044367,0.9996423868218981
 ,186,YJL052W,0.9999999997062485, ,1.0000000004842133,0.9999999977343463,1.0000000000000322
 ,187,YJL088W,0.0, ,0.0,0.0,0.0
 ,188,YDR226W,0.0, ,2.8514571634792712e-12,0.0,0.0
 ,189,YJR105W,0.999766040688747, ,0.9997660400873839,0.9997788664907546,0.9998374754411343
 ,190,YGL186C,0.9999999997062508, ,0.9999999997640588,1.000000006546569,0.9999999997801287
 ,191,YMR062C,0.0, ,0.0,0.0,0.0
 ,192,YDR234W,0.0, ,0.0,0.0,0.0
 ,193,YGR209C,1.000000000049573, ,0.9999999987688353,0.9999999977548996,0.9999999999370601
 ,194,YLR305C,1.000000000049573, ,0.9999999987688353,0.9999999977548996,0.9999999999370601
 ,195,YOL140W,0.0, ,0.0,0.0,0.0
 ,196,YIR029W,0.9999999997234571, ,0.9999999997618452,1.0000000054505325,1.0000000000000009
 ,197,YGR155W,0.9991506970208507, ,0.9991506981035816,0.9999219410983123,0.9989497437551755
 ,198,YBR036C,0.9999999997094456, ,1.000000000555166,0.9999999977343427,1.0000000005906269
 ,199,YMR300C,6.245846468265334e-12, ,-9.191425886667002e-13,2.4339362777122496e-12,0.0
 ,200,YGR032W,0.9999999997062393, ,0.9999999997640664,0.9999999977343446,1.000000000010039
 ,201,YGR267C,4.850280318638293e-07, ,0.0,0.0001705751756718343,0.0
 ,202,YGR125W,0.9999999973897551, ,1.0000000057944047,0.9999999977343076,1.0000000000000153
 ,203,YNL292W,1.0000000053560458, ,0.9999999997640404,0.9999999977339559,1.0000000000000142
 ,204,YLR342W,1.0000000053560458, ,0.9999999997640404,0.9999999977339559,1.0000000000000142
 ,205,YPR006C,1.0000000012190546, ,1.000000002158863,0.999999999687831,1.000000000144637
 ,206,YCR028C,1.0000000012190546, ,1.000000002158863,0.999999999687831,1.000000000144637
 ,207,YJL153C,0.0006282200732789731, ,0.0006282200733152907,0.002126978059945493,0.006204238133342107
 ,208,YML054C,0.9999999998909412, ,0.9999999948252158,0.9999999974951417,0.9999999978623617
 ,209,YAL023C,1.0000000039897696, ,0.9999999997629009,1.000000001969611,0.9999999999999903
 ,210,YDL181W,0.822271222579053, ,0.8222712235838017,0.4019417032963209,0.0
 ,211,YHR074W,0.999999999706257, ,0.9999999997605907,0.9999999977343397,1.0000000000000049
 ,212,YFR030W,0.9999999997062823, ,0.9999999997640823,0.999999997734347,0.9999999999984015
 ,213,YBR256C,0.0, ,0.0,0.0,0.0
 ,214,YPR113W,0.0, ,0.0,0.0,0.0
 ,215,YOR236W,0.0, ,0.0,0.0,0.0
 ,216,YBR038W,0.999999999706225, ,0.9999999971353783,0.9999999977343574,0.9999999999561177
 ,217,YBR244W,0.999999999706225, ,0.9999999971353783,0.9999999977343574,0.9999999999561177
 ,218,YPL053C,0.999999999706225, ,0.9999999971353783,0.9999999977343574,0.9999999999561177
 ,219,YMR246W,0.999999999706225, ,0.9999999971353783,0.9999999977343574,0.9999999999561177
 ,220,YPR020W,0.999999999706225, ,0.9999999971353783,0.9999999977343574,0.9999999999561177
 ,221,YKL085W,0.9999999997062816, ,0.9999999997741209,1.0000000005328755,0.9999999999561108
 ,222,YLR027C,0.9996456119981842, ,0.9996456098539342,0.9922681846523153,0.9966227813867286
 ,223,YBR284W,0.9999999989513392, ,0.9999999997640658,0.999999997734323,0.9999999999999925
 ,224,YEL047C,0.9999999996326894, ,0.9999999997640674,0.9999999977345297,1.00000000000018
 ,225,YLR351C,0.9999999997063005, ,0.9999999997640144,0.9999999977342727,0.9999999999998935
 ,226,YBL064C,0.9999999997062393, ,0.9999999997640664,0.9999999977343446,1.000000000010039
 ,227,YPR036W,0.9999999997062393, ,0.9999999997640664,0.9999999977343446,1.000000000010039
 ,228,YNL130C,1.0000000005740792, ,0.9999999997089487,0.9999999973506355,1.0000000019789932
 ,229,YHR018C,0.0, ,0.0,0.0,0.0
 ,230,YDR408C,6.424485364854294e-11, ,2.5970040358866068e-08,1.5528604793897903e-12,0.0
 ,231,YLR157C,0.9999999996905673, ,0.9999999997640143,0.9999999942016076,1.00000000000001
 ,232,YHR002W,0.9990510778105985, ,0.9990510778117373,0.9991030821373338,0.999770664873715
 ,233,YBR126C,0.0, ,0.0,0.0,0.0
 ,234,YLL041C,0.9814132113069504, ,0.9814132119416473,1.0000000039991692,0.0
 ,235,YDL055C,0.0, ,0.0,0.0,0.0
 ,236,YGL202W,0.9999999997062811, ,1.0000000019981656,0.9999999953961184,0.9999999989904623
 ,237,YNL141W,1.0000000011470338, ,0.999999999752749,0.9999999977343749,1.0000000000000024
 ,238,YMR318C,0.9999999999248388, ,0.9999999998298176,0.9999999978485798,1.0000000000000253
 ,239,YCL018W,0.9999999973897551, ,1.0000000057944047,0.9999999977343076,1.0000000000000153
 ,240,YBR294W,0.9999999973897551, ,1.0000000057944047,0.9999999977343076,1.0000000000000153
 ,241,YDL067C,0.7571803803281877, ,0.7571803805429445,0.0,0.0
 ,242,YJL130C,0.9999999997099858, ,1.0000000003192855,0.9999999979119895,0.9999999440823125
 ,243,YKL060C,0.24463490539888866, ,0.18605378074817316,8.095202848193467e-09,0.0
 ,244,YOL020W,0.9999999997659161, ,0.9999999996128377,0.9999999977343138,0.9999999999999972
 ,245,YDR135C,0.9999999986652043, ,0.9999999943135578,0.9999999977343731,1.00000000315787
 ,246,YFL011W,0.9999999986652043, ,0.9999999943135578,0.9999999977343731,1.00000000315787
 ,247,YEL021W,0.9999999986652043, ,0.9999999943135578,0.9999999977343731,1.00000000315787
 ,248,YBL030C,0.9999999986652043, ,0.9999999943135578,0.9999999977343731,1.00000000315787
 ,249,YMR256C,0.7571803803272199, ,0.7571803803768571,0.0,0.0
 ,250,YJR159W,0.9999999996916338, ,0.9999999997511361,0.9999999980901398,1.0000000000000047
 ,251,YNL270C,0.999999999909767, ,0.9999999997880423,0.999999997734604,1.0000000000000122
 ,252,YJL071W,0.999999999909767, ,0.9999999997880423,0.999999997734604,1.0000000000000122
 ,253,YKL182W,0.0, ,0.0,0.0,0.0
 ,254,YOR303W,1.0000000022819244, ,0.9999999998875201,0.9999999977100497,1.0000000005981442
 ,255,YPL275W,1.0000000022819244, ,0.9999999998875201,0.9999999977100497,1.0000000005981442
 ,256,YFR025C,0.9999999997062522, ,0.999999999776289,0.9999999977343429,1.0000000000000333
 ,257,YMR013C,1.0000000039437944, ,0.9999999973618354,1.0000000058454772,0.9999999999999641
 ,258,YDR322C-A,1.0000000039437944, ,0.9999999973618354,1.0000000058454772,0.9999999999999641
 ,259,YER073W,1.0000000039437944, ,0.9999999973618354,1.0000000058454772,0.9999999999999641
 ,260,YLR260W,1.0000000039437944, ,0.9999999973618354,1.0000000058454772,0.9999999999999641
 ,261,YPL117C,0.0, ,0.0,0.0,0.0
 ,262,YGR007W,0.9999999948348998, ,0.9999999907263875,0.9999999977347069,0.9999999989318027
 ,263,YKL152C,0.9999999997062888, ,0.999999997421381,0.9999999977330299,0.9999999929718418
 ,264,YLR450W,0.9999999997062888, ,0.999999997421381,0.9999999977330299,0.999999985325957
 ,265,YJR019C,0.9999999997062888, ,0.999999997421381,0.9999999977330299,0.999999985325957
 ,266,YBL098W,0.9999999997062888, ,0.999999997421381,0.9999999977330299,0.999999985325957
 ,267,YDL095W,0.9999999997062888, ,0.999999997421381,0.9999999977330299,0.999999985325957
 ,268,YOR270C,0.9999999997062888, ,0.999999997421381,0.9999999977330299,0.999999985325957
 ,269,YGL224C,0.9999999997062888, ,0.999999997421381,0.9999999977330299,0.999999985325957
 ,270,YNL268W,0.9999999997062888, ,0.999999997421381,0.9999999977330299,0.999999985325957
 ,271,YHR020W,0.9999999997062888, ,0.999999997421381,0.9999999977330299,0.999999985325957
 ,272,YKR039W,0.9999999997062888, ,0.999999997421381,0.9999999977330299,0.999999985325957
 ,273,YPL087W,0.9999999997062888, ,0.999999997421381,0.9999999977330299,0.999999985325957
 ,274,YDL178W,0.9999999997062888, ,0.999999997421381,0.9999999977330299,0.999999985325957
 ,275,YLL043W,0.9999999997062888, ,0.999999997421381,0.9999999977352368,0.999999985325957
 ,276,YPL258C,0.9999999997228363, ,0.999999999764033,0.9999999970163778,1.0000000000000053
 ,277,YNR056C,0.9999999997062888, ,0.999999997421381,0.9999999977330299,0.999999985325957
 ,278,YML086C,0.9999999997062888, ,0.999999997421381,0.9999999977330299,0.999999985325957
 ,279,YPL097W,0.9999999997062888, ,0.999999997421381,0.9999999977330299,0.999999985325957
 ,280,YDR268W,0.9999999997062888, ,0.999999997421381,0.9999999977330299,0.999999985325957
 ,281,YJL216C,0.9999999997062747, ,0.9999999997640713,0.9999999977394932,0.9999999917803813
 ,282,YJL221C,0.999999999706257, ,0.999999999764008,0.9999999977343439,1.000000000651129
 ,283,YER141W,0.9999999997062888, ,0.999999997421381,0.9999999977330299,0.999999985325957
 ,284,YDR204W,0.9999999997062888, ,0.999999997421381,0.9999999977330299,0.999999985325957
 ,285,YNL220W,4.713652704028764e-07, ,-4.28420636045554e-12,7.121988965440964e-11,-2.8995048012502992e-08
 ,286,YMR293C,1.000000000295643, ,0.9999999964431601,0.9999999977343191,0.9999999988740005
 ,287,YDR343C,1.000000000295643, ,0.9999999964431601,0.9999999977343191,0.9999999988740005
 ,288,YGR060W,0.0, ,0.0,0.0,0.0
 ,289,YAL038W,0.9999999997062827, ,0.9999999997477816,0.9999999977343408,1.0000000000010139
 ,290,YCL064C,0.9999999997062827, ,0.9999999997477816,0.9999999977343408,1.0000000000010139
 ,291,YER174C,0.9999999997062827, ,0.9999999997477816,0.9999999977343408,1.0000000000010139
 ,292,YGL119W,0.9999999997062607, ,0.9999999987174902,0.9999999816068683,0.9999999999999488
 ,293,YML126C,-3.4156903652382347e-10, ,0.0,0.0,0.0
 ,294,YHR044C,0.9999999997081576, ,1.0000000054138558,0.9999999968849184,0.9999999999999645
 ,295,YFR019W,0.9999999997062552, ,0.9999999997640043,0.9999999980216009,0.9999999998844274
 ,296,YNR019W,0.9999999997062552, ,0.9999999997640043,0.9999999980216009,0.9999999998844274
 ,297,YJR152W,0.9999999997062552, ,0.9999999997640043,0.9999999980216009,0.9999999998844274
 ,298,YBR199W,0.9999999997062552, ,0.9999999997640043,0.9999999980216009,0.9999999998844274
 ,299,YJR109C,0.9999999997062552, ,0.9999999997640043,0.9999999980216009,0.9999999998844274
 ,300,YCR048W,0.9999999997062552, ,0.9999999997640043,0.9999999980216009,0.9999999998844274
 ,301,YDL182W,0.9999999997062552, ,0.9999999997640043,0.9999999980216009,0.9999999998844274
 ,302,YER069W,0.0, ,0.0,0.0,0.0
 ,303,YJR148W,0.0, ,0.0,0.0,0.0
 ,304,YIL111W,0.9999999995619931, ,0.9999999994559615,0.9999999977343542,0.9999999999999855
 ,305,YOL097C,0.999999999729267, ,0.9999999970650458,0.9999999977341044,0.9999999999999987
 ,306,YBR153W,0.0, ,0.0,0.0,0.0
 ,307,YLR354C,1.0000000053560458, ,0.9999999997640404,0.9999999977339559,1.0000000000000142
 ,308,YKR069W,0.999999999732473, ,1.0000000003939236,0.9999999977343413,1.0000000000000187
 ,309,YJR158W,0.999999999732473, ,1.0000000003939236,0.9999999977343413,1.0000000000000187
 ,310,YPR033C,0.999999999732473, ,1.0000000003939236,0.9999999977343413,1.0000000000000187
 ,311,YMR085W,0.999999999732473, ,1.0000000003939236,0.9999999977343413,1.0000000000000187
 ,312,YGL154C,0.0, ,0.0,0.0,0.0
 ,313,YPR062W,0.9999999996542782, ,1.000000000947864,0.9999999977343783,0.999999999999994
 ,314,YHR039C-A,0.9999999996811613, ,0.9999999996763252,0.99999999778622,0.9999999989904872
 ,315,YNL202W,0.9999999997062528, ,0.9999999996966278,0.9999999977344203,1.0000000062696928
 ,316,YER023W,0.0, ,0.0,0.0,0.0
 ,317,YBR026C,0.9999999997339588, ,0.999999999441869,0.9999999977343463,1.0000000016129094
 ,318,YCR034W,0.0, ,0.0,0.0,0.0
 ,319,YER060W,0.9999999997715703, ,0.9999999995746898,0.9999999915612767,1.000000005108923
 ,320,YBR069C,0.9999999998666989, ,0.9999999997640797,0.9999999966515398,0.9999999999999738
 ,321,YGR177C,0.9999999998666989, ,0.9999999997640797,0.9999999966515398,0.9999999999999738
 ,322,YJR133W,1.0000000072385011, ,0.9999999997640938,0.9999999975587356,0.9999999998065812
 ,323,YBR176W,0.9999999998517248, ,0.9999999997640964,0.9999999977342616,0.9999999999999932
 ,324,YGL040C,1.0000000009156484, ,0.9999999997685823,0.9999999979115486,0.9999999993935587
 ,325,YLR133W,1.0000000072385011, ,0.9999999997640938,0.9999999975587356,0.9999999998065812
 ,326,YDL215C,1.0000000072385011, ,0.9999999997640938,0.9999999975587356,1.0000000000000409
 ,327,YML004C,1.0000000072385011, ,0.9999999997640938,0.9999999975587356,0.9999999999999645
 ,328,YPL057C,1.0000000072385011, ,0.9999999997640938,0.9999999975587356,0.9999999981395729
 ,329,YDR058C,1.0000000072385011, ,0.9999999997640938,0.9999999975587356,0.9999999981395729
 ,330,YDR315C,1.0000000072385011, ,0.9999999997640938,0.9999999975587356,0.9999999999999944
 ,331,YGR255C,1.0000000072385011, ,0.9999999997640938,0.9999999975587356,0.9999999999999944
 ,332,YBR161W,0.999999999703224, ,0.9999999953913786,0.9999999977343251,1.0000000000000322
 ,333,YNL169C,0.9995731363122147, ,0.9995731370107029,0.9995965424093836,0.9997035781803152
 ,334,YCL069W,0.9999999997061269, ,0.9999999997634175,0.9999999977322305,1.0000000000005487
 ,335,YNL104C,0.9999999986665845, ,0.9999999986376438,0.9999999978886276,0.999999999211689
 ,336,YML081C-A,0.8222712167723795, ,0.8222712169538667,0.40194168871541935,0.0
 ,337,YDL045C,1.0000000029650626, ,0.9999999997640608,0.9999999977343697,0.9999999955297814
 ,338,YLR180W,0.9999999997062949, ,0.9999999997543688,0.9999999977343551,1.0
 ,339,YOR245C,0.9999999997062949, ,0.9999999997543688,0.9999999977343551,1.0
 ,340,YGR282C,0.9999999997061986, ,0.9999999997543688,0.9999999977343451,0.9999999999999651
 ,341,YDL198C,0.9999999997061986, ,0.9999999997543688,0.9999999977343451,0.9999999999999651
 ,342,YOR180C,0.9999999997061986, ,0.9999999997543688,0.9999999977343451,0.9999999999999651
 ,343,YNR043W,0.0, ,0.0,0.0,0.0
 ,344,YOR360C,0.9999999997062474, ,1.0000000013703436,0.9999999969934277,0.9999999999997138
 ,345,YOR335C,0.9999999994862503, ,0.9999999996915613,0.9999999977343456,1.0000000000000189
 ,346,UNKNOWN,0.9999999998355006, ,0.9999999934589396,1.0000000169546872,0.9999999800939222
 ,347,YGR204W,2.637037242232581e-09, ,-1.0764386408367156e-12,-1.430118931204829e-12,1.8872150474471965e-06
 ,348,YJL005W,1.0000000045252133, ,0.9999999999487514,0.9999999977343363,0.9999999999999964
 ,349,YOL065C,0.9999999997445911, ,1.0000000018632866,0.9999999999488081,1.0000000000000107
 ,350,YPL028W,0.0, ,0.0,0.0,0.0
 ,351,YFL001W,1.0000000046729078, ,0.9999999997859363,0.9999999977206391,0.9999999999995267
 ,352,YKL217W,1.0000000036482006, ,0.9999999995266075,1.0000000088594843,0.9999999999074866
 ,353,YJR016C,0.0, ,0.0,0.0,0.0
 ,354,YDL100C,0.9999999997479276, ,0.999999995166785,0.9999999972768392,0.9999999998052612
 ,355,YOR095C,0.0, ,7.153868144570125e-10,0.0,0.0
 ,356,YEL038W,1.000000000466781, ,0.9999999997723864,0.9999999978882553,0.9999999999028699
 ,357,YGR185C,0.9999999997062491, ,0.9999999997472406,0.9999999962788203,1.0000000009183134
 ,358,YOR377W,0.9999999997062533, ,1.000000001843503,0.9999999977343522,0.9999999766621086
 ,359,YPL265W,0.9999999997062533, ,1.000000001843503,0.9999999977343522,0.9999999766621086
 ,360,YML008C,0.9999999997062533, ,1.000000001843503,0.9999999976961207,0.9999999766621086
 ,361,YDR441C,0.9999999997062533, ,1.000000001843503,0.9999999976961207,0.9999999766621086
 ,362,YMR296C,0.9999999997062533, ,1.000000001843503,0.9999999976961207,0.9999999766621086
 ,363,YPL023C,0.9999999997062533, ,1.000000001843503,0.9999999976961207,0.9999999766621086
 ,364,YER090W,0.0, ,0.0,0.0,0.0
 ,365,YGR199W,0.9999999997062741, ,0.9999999997640642,0.9999999977469479,0.9999999999999445
 ,366,YPL212C,0.9999999997062741, ,0.9999999997640642,0.9999999977469479,0.9999999999999445
 ,367,YMR145C,0.9999999997062741, ,0.9999999997640642,0.9999999977469479,0.9999999999999445
 ,368,YNL280C,0.0, ,0.0,0.0,0.0
 ,369,YDR007W,0.0, ,0.0,0.0,0.0
 ,370,YIL160C,0.9999999903270081, ,1.0000000043891488,0.9999999977343401,1.00000000603632
 ,371,YNR072W,0.9999999997062333, ,0.9999999997640658,0.9999999977342747,1.000000000199258
 ,372,YML022W,0.9999999997062333, ,0.9999999997640658,0.9999999977342747,1.000000000199258
 ,373,YDR062W,0.9999999997062978, ,0.9999999997640472,0.9999999977343176,0.9999999994950671
 ,374,YPR159W,0.9999999997062978, ,0.9999999997640472,0.9999999977343176,0.9999999994950671
 ,375,YDR017C,0.9999999997062978, ,0.9999999997640472,0.9999999977343176,0.9999999994950671
 ,376,YMR303C,0.9999999997062978, ,0.9999999997640472,0.9999999977343176,0.9999999993770291
 ,377,YML123C,0.9999999997062978, ,0.9999999997640472,0.9999999977343176,1.000000000199258
 ,378,YPR167C,0.9999999997062472, ,0.9999999997480187,0.999999997649127,1.00000000000001
 ,379,YER087W,0.9999999997062888, ,0.999999997421381,0.9999999977330299,0.999999985325957
 ,380,YHR190W,0.0, ,0.0,0.0,0.0
 ,381,YHL011C,0.9999999997062315, ,0.9999999997640925,0.9999999977673276,1.0000000033142586
 ,382,YMR313C,0.9999999997062659, ,0.9999999998430757,0.9999999977343347,0.9999999999999468
 ,383,YGR143W,0.9999999993816481, ,0.9999999997640299,0.9999999977249477,0.9999999991332953
 ,384,YHR007C,0.0, ,0.0,0.0,0.0
 ,385,YBR205W,0.9999999997238046, ,0.9999999952803225,0.999999997916576,0.9999999999876347
 ,386,YOR163W,0.9999999973328388, ,0.9999999994591914,1.0000000047815945,1.0000000000000084
 ,387,YOR321W,0.9999999973328388, ,0.9999999994591914,1.0000000047815945,1.0000000000000084
 ,388,YBR003W,0.9999999973328388, ,0.9999999994591914,1.0000000047815945,1.0000000000000084
 ,389,YDL085W,0.9999999973328388, ,0.9999999994591914,1.0000000047815945,1.0000000000000084
 ,390,YBR183W,0.9999999973328388, ,0.9999999994591914,1.0000000047815945,1.0000000000000084
 ,391,YGL256W,0.9999999973328388, ,0.9999999994591914,1.0000000047815945,1.0000000000000084
 ,392,YGR260W,0.9999999973328388, ,0.9999999994591914,1.0000000047815945,1.0000000000000084
 ,393,YER099C,0.9999999973328388, ,0.9999999994591914,1.0000000047815945,1.0000000000000084
 ,394,YBL013W,0.9999999973328388, ,0.9999999994591914,1.0000000047815945,1.0000000000000084
 ,395,YJR048W,0.9999999973328388, ,0.9999999994591914,1.0000000047815945,1.0000000000000084
 ,396,YNL256W,0.0, ,0.0,2.693076961362187e-11,2.347298546151637e-10
 ,397,YLR174W,0.0, ,-1.0247071096307088e-09,0.0,0.0
 ,398,YLL028W,0.999999999687373, ,0.9999999997764231,0.999999997734348,1.0000000001433884
 ,399,YBR218C,1.0000000133793243, ,0.9999999997640638,1.000000018897644,0.9999999999998852
 ,400,YHR001W-A,0.7627134308645968, ,0.7627134321805034,0.0,0.0
 ,401,YMR207C,0.999999999877666, ,0.9999999997640674,0.9999999978782002,0.9999999710687236
 ,402,YGR286C,0.9999999997062609, ,0.9999999948252158,0.9999999977307877,1.0000000012985422
 ,403,YCR037C,0.999999998137132, ,0.9999999990995424,0.9999999924590058,1.0000000000000633
 ,404,YIR031C,0.999999998137132, ,0.9999999990995424,0.9999999924590058,1.0000000000000633
 ,405,YLR359W,-5.157204614873098e-12, ,-2.7338200942915993e-12,6.795265829058876e-09,0.0
 ,406,YDL205C,0.9999999997062018, ,0.9999999997827312,0.9999999977355378,0.9999999999999974
 ,407,YMR217W,0.0, ,8.19765687704567e-09,0.0,0.0
 ,408,YER170W,0.9999999997760562, ,0.9999999997640319,0.9999999977343726,0.927567164933229
 ,409,YBR039W,0.8222712168960611, ,0.8222712169943884,0.4019417044635957,0.0
 ,410,YER024W,0.9999999997062666, ,0.9999999997640481,0.9999999977343882,1.0000000008286438
 ,411,YKL004W,0.9999999996965802, ,0.9999999990647196,0.9999999977343454,1.0000000000000038
 ,412,YOR136W,1.0000000021853668, ,1.0000000020244806,0.9999999977343509,0.9999999998064907
 ,413,YNL142W,0.9999999996965802, ,0.9999999990647196,0.9999999977343454,1.0000000000000038
 ,414,YPL234C,0.9999999996965802, ,0.9999999990647196,0.9999999977343454,1.0000000000000038
 ,415,YOR209C,0.9999999996965802, ,0.9999999990647196,0.9999999977343454,1.0000000000000038
 ,416,YGL026C,0.0, ,0.0,0.0,0.0
 ,417,YHR094C,0.9999999996965802, ,0.9999999990647196,0.9999999977343454,1.0000000000000038
 ,418,Q0045,0.7571803802842962, ,0.7571803803325734,0.0,0.0
 ,419,YGR138C,0.9999999997062489, ,0.9999999997796462,1.0000000042448718,1.0000000000000306
 ,420,YLR258W,0.9999999997062489, ,0.9999999997796462,1.0000000042448718,1.0000000000000306
 ,421,YGL125W,0.9999999997062489, ,0.9999999997796462,1.0000000042448718,1.0000000000000306
 ,422,YNL101W,0.9999999997062489, ,0.9999999997796462,1.0000000042448718,1.0000000000000306
 ,423,YBR127C,0.9999999997062489, ,0.9999999997796462,1.0000000042448718,1.0000000000000306
 ,424,YLR164W,0.9999999997062489, ,0.9999999997796462,1.0000000042448718,1.0000000000000306
 ,425,YNL318C,0.9999999997253095, ,0.999999999353264,1.0000000008277985,0.999999999965261
 ,426,YJL137C,0.9999999997253095, ,0.999999999353264,1.0000000008277985,0.999999999965261
 ,427,YGL009C,0.9999999997062489, ,0.9999999997796462,1.0000000161388656,0.9999999999999422
 ,428,YLR028C,0.9999999997062489, ,0.9999999997796462,1.0000000161388656,0.9999999999999422
 ,429,YDR497C,0.9999999997062489, ,0.9999999997796462,1.0000000161388656,0.9999999999999422
 ,430,YBR115C,0.0, ,0.0,0.0,0.0
 ,431,YKL055C,0.9999999997062233, ,0.9999999999316463,0.9999999975336008,1.0000000001843343
 ,432,YGR192C,1.0000000011001873, ,0.9999999997399786,0.9999999977774391,0.9999999999999821
 ,433,YFL053W,1.0000000011001873, ,0.9999999997399786,0.9999999977774391,0.9999999999999821
 ,434,YDR368W,1.0000000011001873, ,0.9999999997399786,0.9999999977774391,0.9999999999999821
 ,435,YBL045C,0.7627134308801736, ,0.7627134315353549,0.0,0.0
 ,436,YGR043C,0.9999999996598681, ,0.9999999998948705,0.999999997734334,1.00000000000003
 ,437,YPR184W,1.0000000035059458, ,0.9999999997640725,0.9999999977343463,1.0000000715486979
 ,438,YAR071W,1.0000000035059458, ,0.9999999997640725,0.9999999977343463,1.0000000715486979
 ,439,YLR060W,1.0000000035059458, ,0.9999999997640725,0.9999999977343463,1.0000000715486979
 ,440,YOR184W,0.9986057374823496, ,0.9986057375587222,0.9999999977343463,1.0000000715486979
 ,441,YJL167W,0.0, ,0.0,0.0,0.0
 ,442,Q0130,0.8222712169013526, ,0.822271217083094,0.40194170440278976,0.0
 ,443,YBR149W,1.0000000004206706, ,0.9999999998383954,0.999999997613259,0.9999999984495134
 ,444,YKL035W,0.9999999993429183, ,0.9999999998126416,0.9999999981622562,1.000000000000008
 ,445,YPR140W,0.9999999993755234, ,0.9999999997535914,0.9999999979721501,1.000000000000008
 ,446,YPR047W,0.9999999993755234, ,0.9999999997535914,1.0000000012920887,1.000000000000008
 ,447,YOR241W,0.9999999993755234, ,0.9999999997535914,1.0000000012920887,1.000000000000008
 ,448,YDR044W,0.9999999993755234, ,0.9999999997535914,1.0000000012920887,1.000000000000008
 ,449,YLR056W,0.9999999993755234, ,0.9999999997535914,1.0000000012920887,1.000000000000008
 ,450,YKR080W,0.999999999682807, ,0.9999999997535914,1.0000000012920887,1.000000000000008
 ,451,YKL181W,0.9999999992485056, ,0.9999999997535914,1.0000000012920887,1.000000000000008
 ,452,YGL225W,0.9999999993755464, ,0.9999999997535914,1.0000000012920887,1.000000000000008
 ,453,YHR037W,0.9999999993755464, ,0.9999999997535914,1.0000000012920887,1.000000000000008
 ,454,YIR037W,0.9999999993755464, ,0.9999999997535914,1.0000000012920887,1.000000000000008
 ,455,YCR010C,0.9999999992485056, ,0.9999999998126416,0.9999999979721446,1.000000000405256
 ,456,YGL012W,0.0, ,0.0,0.0,0.0
 ,457,YJL101C,0.9999999997062616, ,0.9999999997640842,0.9999999977342672,0.9999999999999917
 ,458,YLR432W,1.0000000002942628, ,1.0000000012585448,0.9999999996904377,0.9999999987567751
 ,459,YMR220W,0.0, ,0.0,0.0,0.0
 ,460,YDR353W,0.9999999997187726, ,0.9999999948252158,0.99999999848895,1.0000000000102138
 ,461,YIR027C,0.9999999997062581, ,0.9999999997640912,0.9999999977343241,0.9999999999999998
 ,462,YDL080C,0.9999999997062581, ,0.9999999997640912,0.9999999977343241,0.9999999999999998
 ,463,YOR273C,0.9999999997062581, ,0.9999999997640912,0.9999999977343241,0.9999999999999998
 ,464,YJR073C,0.0, ,0.0,0.0,0.0
 ,465,YNR057C,0.9999999996982725, ,0.9999999997511545,0.9999999978932133,1.0000000001756362
 ,466,YGL067W,0.9999999997062536, ,1.0000000043891488,0.9999999963880635,0.9999999968531347
 ,467,YDR074W,0.0, ,0.0,0.0,0.0
 ,468,YGL077C,0.9999999997062439, ,0.9999999997635508,0.9999999977342333,0.999999997204826
 ,469,YOR332W,0.9999999997063204, ,0.9999999997124317,0.9999999977343362,1.0000000000000078
 ,470,YBL099W,0.8222712169013758, ,0.8222712181572261,0.40194170155209813,0.0
 ,471,YGR208W,0.9986057374800503, ,0.9986057375378515,0.9999999977342857,0.9999999999999943
 ,472,Q0250,0.7571803811173416, ,0.7571803803709687,0.0,0.0
 ,473,YDR536W,0.9999999997318769, ,0.9999999982409064,1.0000000006219545,1.00000000000003
 ,474,YCR075C,0.9999999998208848, ,0.9999999997640817,0.9999999718529967,1.0000000000000067
 ,475,YNL316C,0.0, ,0.0,0.0,0.0
 ,476,YFR055W,0.9999999997062324, ,1.0000000011993322,0.9999999977343088,1.0000000059268466
 ,477,YGR248W,1.000000000385108, ,0.9999999906289719,0.9999999977344143,1.0000000059268466
 ,478,YIL164C,1.000000000385108, ,0.9999999906289719,0.9999999977344143,1.0000000059268466
 ,479,YMR267W,0.9999999997062659, ,0.9999999998430757,0.9999999977343347,0.927567172165875
 ,480,YIL116W,0.9999999997062659, ,0.9999999998430757,0.9999999977343347,1.0000000000783664
 ,481,YLR109W,0.9999999997062659, ,0.9999999998430757,0.9999999977343347,0.9999999999999468
 ,482,YOR190W,0.9999999997062659, ,0.9999999998430757,0.9999999977343347,0.9999999999999468
 ,483,YKR009C,0.9999999997062659, ,0.9999999998430757,0.9999999977343347,0.9999999999999468
 ,484,YGR094W,0.9999999997062659, ,0.9999999998430757,0.9999999977343347,0.9999999999999468
 ,485,YDR402C,0.9999999997062659, ,0.9999999998430757,0.9999999977343347,0.9999999999999468
 ,486,YDR178W,0.9999999997062659, ,0.9999999998430757,0.9999999977343347,0.9999999999999468
 ,487,YJR103W,0.9999999997062659, ,0.9999999998430757,0.9999999977343347,0.9999999999999468
 ,488,YBR265W,0.9999999997062659, ,0.9999999998430757,0.9999999977343347,0.9999999999999468
 ,489,YML070W,0.9999999997062659, ,0.9999999998430757,0.9999999977343347,0.9999999999999468
 ,490,YDR232W,0.9999999997062659, ,0.9999999998430757,0.9999999977343347,0.9999999999999468
 ,491,YOL077W-A,1.000000002697205, ,1.0000000022781645,1.0000000009204297,1.0000000009204626
 ,492,YGR124W,0.9999999997062659, ,0.9999999998430757,0.9999999977343347,0.9999999999999468
 ,493,YLR343W,0.9999999997062659, ,0.9999999998430757,0.9999999977343347,0.9999999999999468
 ,494,YMR307W,0.9999999997062659, ,0.9999999998430757,0.9999999977343347,0.9999999999999468
 ,495,YBR020W,0.9999999997050636, ,0.0,0.9999999977344143,0.9999999999999685
 ,496,YGR264C,0.9999999997062659, ,0.9999999998430757,0.9999999977343347,0.9999999999999468
 ,497,YOR222W,0.9999999997062659, ,0.9999999998430757,0.9999999977343347,0.9999999999999468
 ,498,YHR137W,0.9999999997062659, ,0.9999999998430757,0.9999999977343347,0.9999999999999468
 ,499,YOR348C,0.9999999997062659, ,0.9999999998430757,0.9999999977343347,0.9999999999999468
 ,500,YGL248W,0.9999999997062659, ,0.9999999998430757,0.9999999977343347,0.9999999999999468
 ,501,YGR292W,0.9999999997062659, ,0.9999999998430757,0.9999999977343347,0.9999999999999468
 ,502,YGL055W,0.9999999997062659, ,0.9999999998430757,0.9999999977343347,1.000000001063371
 ,503,YDL245C,1.0000000018138822, ,0.9999999997640647,1.0000000498489656,0.9999999999999444
 ,504,YJR025C,0.9999999997062659, ,0.9999999998430757,0.9999999977343347,0.9999999999999468
 ,505,YBR092C,0.9999999997062659, ,0.9999999998430757,0.9999999977343347,0.9999999999999468
 ,506,YOR393W,0.9999999997062659, ,0.9999999998430757,0.9999999977343347,0.9999999999999468
 ,507,YBR145W,0.9999999997062659, ,0.9999999998430757,0.9999999977343347,0.9999999999999468
 ,508,YBR068C,0.9999999997062659, ,0.9999999998430757,0.9999999977343347,0.9999999999999468
 ,509,YNR034W,0.9999999997062659, ,0.9999999998430757,0.9999999977343347,0.9999999999999468
 ,510,YLR189C,0.9999999997062659, ,0.9999999998430757,0.9999999977343347,0.9999999999999468
 ,511,YOL061W,0.9999999997062659, ,0.9999999998430757,0.9999999977343347,0.9999999999999468
 ,512,YLR195C,0.9999999997062659, ,0.9999999998430757,0.9999999977343347,0.9999999999999468
 ,513,YMR250W,0.9999999997062659, ,0.9999999998430757,0.9999999977343347,0.9999999999999468
 ,514,YDR483W,0.9999999997062659, ,0.9999999998430757,0.9999999977343347,0.9999999999999468
 ,515,YFL030W,0.9967787906118794, ,0.9967787962854474,0.9999999977343347,0.985709318173142
 ,516,YGR254W,0.9999999996873944, ,0.9999999941174849,0.9999999977343347,1.0000000000000038
 ,517,YER061C,1.0000000015788706, ,0.9999999984657029,0.9999999977343347,1.000000013976364
 ,518,YNL111C,1.0000000007446639, ,0.9999999941174849,0.9999999977344113,0.9999999999490046
 ,519,YOR168W,0.9999999997062494, ,0.999999998576493,0.9999999977342763,0.9999999999999705
 ,520,YLR231C,0.9999999997062659, ,0.999999999764356,0.9999999977344143,1.000000000000009
 ,521,YKL184W,0.9999999997062491, ,0.9999999997593577,0.999999997881032,0.9999999980105887
 ,522,YNL129W,0.9999999997425757, ,1.0000000003372176,0.9999999977343347,0.9999999999999349
 ,523,YJR139C,0.0, ,0.0,0.0,0.0
 ,524,YKL016C,0.8222712169011659, ,0.8222712169489148,0.40194170440309906,0.0
 ,525,YPL111W,1.0000000005740792, ,0.9999999952803225,0.9999999980194829,1.0000000000000338
 ,526,YER183C,0.9999999997353881, ,1.0000000000891982,0.9999999977343332,1.0000000002502576
 ,527,YLR160C,0.9999999997353881, ,1.0000000000891982,0.9999999977343431,1.0000000000000087
 ,528,YKL174C,0.999999997158389, ,0.9999999952803225,0.9999999976756858,1.000000005580187
 ,529,YDL066W,0.9970457177429674, ,0.9970457178029335,0.9972270336595412,0.9986732223712271
 ,530,YOR130C,0.0, ,0.0,0.0,0.0
 ,531,YKR093W,0.9999999996965543, ,0.9999999994014722,0.9999999971717752,1.000000000006719
 ,532,YMR319C,0.9999999997062851, ,0.9999999997686254,0.9999999982627047,1.000000000004874
 ,533,YOL066C,0.0, ,0.0,0.0,0.0
 ,534,YBR085W,1.0000000002325105, ,0.999999999916746,0.9999999977343842,0.9999999999999949
 ,535,YBR184W,0.9999999997062448, ,0.9999999997640666,0.9999999977355266,1.0000000000000324
 ,536,YCR098C,0.999999999167127, ,0.9999999969950643,0.9999999977342819,1.00000000000005
 ,537,YKL026C,0.9999999997062448, ,0.9999999997640666,0.9999999977355266,1.0000000000000324
 ,538,YKL212W,0.9999999997062448, ,0.9999999997640666,0.9999999977355266,1.0000000000000324
 ,539,YNR050C,0.0, ,0.0,0.0,0.0
 ,540,YJR078W,0.9999999997062575, ,1.0000000037060108,0.9999999979345682,1.0000000000000069
 ,541,YPL188W,1.0000000053560458, ,0.9999999997640419,0.9999999977343262,1.0000000000000029
 ,542,YOL033W,0.9999999997062542, ,1.0000000012363,0.9999999977343577,1.0000000000000029
 ,543,YGR180C,1.0000000010718777, ,0.999999999931673,1.0000000023337159,1.0000000000000158
 ,544,YNL073W,0.9999999997062542, ,1.0000000012363,0.9999999977343577,1.0000000000000029
 ,545,YOR374W,0.9999999997062542, ,1.0000000012363,0.9999999977343577,1.0000000000000029
 ,546,YFR047C,0.9999999997062542, ,1.0000000012363,0.9999999977343577,1.0000000000000029
 ,547,YBR132C,0.9999999997062542, ,1.0000000012363,0.9999999977343577,1.0000000000000029
 ,548,YML110C,0.9999999997062542, ,1.0000000012363,0.9999999977343577,1.0000000000000029
 ,549,YOL011W,0.9999999997062542, ,1.0000000012363,0.9999999977343577,1.0000000000000029
 ,550,YLR372W,0.9999999997062542, ,1.0000000012363,0.9999999977343577,1.0000000000000029
 ,551,YPR138C,1.0000000072385011, ,0.9999999997640938,0.9999999975587356,0.9999999998065812
 ,552,YPL276W,0.9999999997062542, ,1.0000000012363,0.9999999977343577,1.0000000000000029
 ,553,YAR075W,0.9999999997062542, ,1.0000000012363,0.9999999977343577,1.0000000000000029
 ,554,YOR171C,0.9999999997062542, ,1.0000000012363,0.9999999977343577,1.0000000000000029
 ,555,YBR248C,0.9999999997062542, ,1.0000000012363,0.9999999977343577,1.0000000000000029
 ,556,YHL016C,0.9999999997062542, ,1.0000000012363,0.9999999977343577,1.0000000000000029
 ,557,YLR201C,0.9999999997062542, ,1.0000000012363,0.9999999977343577,1.0000000000000029
 ,558,YFL017C,0.9999999997062542, ,1.0000000012363,0.9999999977343577,1.0000000000000029
 ,559,YDL168W,1.0000000050144768, ,0.9999999997640419,0.9999999977343067,1.0000000000000069
 ,560,YIL134W,0.9999999995770339, ,0.9999999999487514,0.9999999977343853,1.0000000000000195
 ,561,YDR236C,0.9999999993876459, ,0.9999999997656742,0.9999999977032914,0.9999999999999901
 ,562,YKL106W,0.9999999998857881, ,1.0000000019981656,0.998564701720985,0.9989451922798721
 ,563,YLR307W,0.9999999997152447, ,1.0000000016565966,1.0000000095668555,1.0000000000000278
 ,564,YCR053W,0.0, ,0.0,0.0,0.0
 ,565,YER005W,0.9999999994727938, ,0.9999999997640849,0.9999999893622111,0.999999999999981
 ,566,YGL063W,0.9999999997208917, ,1.0000000067801322,1.0000000032863896,1.000000005341292
 ,567,YIL053W,0.9999999997062542, ,1.0000000012363,0.9999999977343577,1.0000000000000029
 ,568,YGL148W,0.0, ,0.0,0.0,0.0
 ,569,YNL192W,0.9999999996727459, ,1.000000004970636,1.0000000016184025,0.999999993021958
 ,570,YCL035C,0.9999999996727459, ,1.000000004970636,1.0000000016184025,0.999999993021958
 ,571,YKR053C,0.9999999996719138, ,1.0000000020244806,0.9999999977343509,0.9999999998064907
 ,572,YLR420W,0.9999999996719138, ,1.0000000020244806,0.9999999977343509,0.9999999998064907
 ,573,YOL056W,0.9999999996719138, ,1.0000000020244806,0.9999999977343509,0.9999999998064907
 ,574,YHR144C,0.9999699666906313, ,0.9999699622852913,0.9999716099725445,0.9999791461704052
 ,575,YDR208W,0.9999999997060176, ,1.00000001463622,0.9999999982378327,0.9999999948944363
 ,576,YJR077C,0.9845843351401868, ,0.9845843401825047,0.8093305941946327,0.814567151814414
 ,577,YGR088W,1.0000000002106204, ,1.0000000006867145,0.9999999972962906,0.999999998118264
 ,578,YDR297W,0.9999999996945667, ,1.0000000004378902,0.9999999976722669,1.0000000003073404
 ,579,YAR015W,-9.104590006676545e-13, ,1.0971112395083833e-12,0.0,0.0
 ,580,YLR299W,0.99999999970626, ,1.0000000004378902,0.9999999976722669,1.0000000240983116
 ,581,YOR176W,0.99999999970626, ,1.0000000004378902,0.9999999976722669,1.0000000240983116
 ,582,YOR109W,0.99999999970626, ,1.0000000004378902,0.9999999976722669,1.0000000240983116
 ,583,YOL049W,0.99999999970626, ,1.0000000004378902,0.9999999976722669,1.0000000240983116
 ,584,YDR158W,0.0, ,0.0,0.0,0.0
 ,585,YBR180W,0.9999999997062391, ,0.999999999776822,0.9999999977017899,1.0000000000093119
 ,586,YNL247W,0.9999999989559197, ,1.000000000153542,0.9999999977343447,0.9999999999999062
 ,587,YHR128W,0.9999999996933734, ,0.9999999997640161,0.9999999977681323,1.000000000000025
 ,588,YOL126C,0.999999999706196, ,1.0000000001329468,0.9999999977342675,0.9999999990253393
 ,589,YCR073W-A,0.9999999997062966, ,0.9999999997806331,0.9999999977243811,0.9999999991766968
 ,590,YMR120C,0.9999999997062966, ,0.9999999997806331,0.9999999977243811,0.9999999991766968
 ,591,YDR256C,0.9999999994727938, ,0.9999999997640849,0.9999999893622111,0.999999999999981
 ,592,YOR143C,0.9999999994727938, ,0.9999999997640849,0.9999999893622111,0.999999999999981
 ,593,YDL052C,0.9999999994727938, ,0.9999999997640849,0.9999999893622111,0.999999999999981
 ,594,YER175C,0.9999999997192192, ,0.9999999997641219,0.9999999947428029,1.0000000630621027
 ,595,YIL009W,0.9999999997062485, ,0.9999999997640531,0.9999999977343463,1.0000000310191073
 ,596,YIL168W,0.9999999994727938, ,0.9999999997640849,0.9999999893622111,0.999999999999981
 ,597,YML075C,0.9999999994727938, ,0.9999999997640849,0.9999999893622111,0.999999999999981
 ,598,YCR024C,0.9999999994727938, ,0.9999999997640849,0.9999999893622111,0.999999999999981
 ,599,YAL044C,0.9999999995700705, ,0.9999999997806331,0.9948097562874599,0.9921810493248536
 ,600,YGR061C,0.0, ,0.0,-2.9290227432729653e-12,2.4996163242718693e-06
 ,601,YLR355C,0.0, ,0.0,0.0,0.0
 ,602,YCR032W,1.0000000000084766, ,0.9999999991564479,0.9999999980459183,0.9999999939212413
 ,603,YPR081C,0.9999999996154643, ,1.000000004195411,1.0000000002431026,0.9999999995908198
 ,604,YMR118C,0.9999999996154643, ,1.000000004195411,1.0000000002431026,0.9999999995908198
 ,605,YIL043C,0.9999999996154643, ,1.000000004195411,1.0000000002431026,0.9999999995908198
 ,606,YPL134C,0.9999999996154643, ,1.000000004195411,1.0000000002431026,0.9999999995908198
 ,607,YOL096C,0.9999999996154643, ,0.9999999965887765,0.9999999977343432,0.9999999995908198
 ,608,YDR284C,0.9999999996154643, ,0.9999999965887765,0.9999999977343432,0.9999999995908198
 ,609,YOR108W,1.0000000067003845, ,0.9999999986959489,0.9999999972603808,1.0000000000000047
 ,610,YLR151C,0.9999999996154643, ,0.9999999965887765,0.9999999977343432,0.9999999995908198
 ,611,YPR121W,0.9999999996154643, ,0.9999999965887765,0.9999999977343432,0.9999999995908198
 ,612,Q0105,0.762713430870852, ,0.7627134309148895,0.0,0.0
 ,613,YEL071W,0.9999999996154643, ,0.9999999965887765,0.9999999977343432,0.9999999995908198
 ,614,YMR272C,0.9999999996154643, ,0.9999999965887765,0.9999999977343432,0.9999999995908198
 ,615,YML120C,0.9999999996154643, ,0.9999999965887765,0.9999999977343432,0.9999999995908198
 ,616,YHR106W,0.9999999996154643, ,0.9999999965887765,0.9999999977343432,0.9999999995908198
 ,617,YKL132C,0.9999999996154643, ,0.9999999965887765,0.9999999977343432,0.9999999995908198
 ,618,YDL040C,0.9999999996154643, ,0.9999999965887765,0.9999999977343432,0.9999999995908198
 ,619,YCL004W,0.9999999996154643, ,0.9999999965887765,0.9999999977343432,0.9999999995908198
 ,620,YLR153C,0.0, ,0.0,1.9659778345612707e-08,6.746602764566449e-09
 ,621,YMR226C,0.9999999996154643, ,0.9999999965887765,0.9999999977343588,1.0000000002551173
 ,622,YMR008C,0.999999999706637, ,0.999999999590129,1.0000000065141879,0.9999999999999848
 ,623,YBL015W,0.9999999988442455, ,0.9999999999487514,0.9999999909589934,1.0000000000000162
 ,624,YEL027W,0.9999999996154643, ,0.9999999965887765,0.9999999881686084,0.9999999998064858
 ,625,YHL012W,0.9999999996154643, ,0.9999999965887765,0.9999999881686084,0.9999999998064858
 ,626,YGR183C,0.7627134305825503, ,0.7627134311633997,0.0,0.0
 ,627,YBL076C,0.9999999997062575, ,0.9999999997656678,1.000000037770923,1.0000000062389383
 ,628,YPR191W,0.7627134308706902, ,0.7627134309881021,0.0,0.0
 ,629,YLR017W,0.9999999994862503, ,1.0000000002903204,0.9999999976752781,1.0000000520279568
 ,630,YJR010W,0.9999999996721618, ,0.9999999996071823,1.000000000430678,0.9999999992706439
 ,631,YBR041W,1.0000000005849439, ,0.9999999997640447,0.9999999977343393,0.9999999963038254
 ,632,YNR033W,0.9999999997425757, ,0.9999999997640816,0.9999999977343347,0.9999999999999349
 ,633,YGR193C,0.960596763889519, ,0.9605967634431272,0.9805080943331314,0.9999999990520576
 ,634,YDR487C,0.0, ,0.0,0.0,0.0
 ,635,YJR051W,0.9999999997062474, ,0.9999999997631464,0.9999999977343312,0.9999999542022167
 ,636,YPL273W,0.9999999997062522, ,0.999999999776289,0.9999999977343429,1.0000000000000333
 ,637,YOL030W,1.0000000067003845, ,0.9999999986959489,0.9999999972603808,1.0000000000000047
 ,638,YDR261C,0.9999999997062522, ,0.999999999776289,0.9999999977343429,1.0000000000000333
 ,639,YKL218C,0.9999999997062522, ,0.999999999776289,0.9999999977343429,1.0000000000000333
 ,640,YNL009W,0.9999999997062522, ,0.999999999776289,0.9999999977343429,1.0000000000000333
 ,641,YER065C,0.9967787905272, ,0.9967787907024507,0.9999999977344173,0.0
 ,642,YEL011W,0.9999999997062522, ,0.999999999776289,0.9999999977343312,0.9999999474556139
 ,643,YML035C,0.9999999997062522, ,0.999999999776289,0.9999999977343429,1.0000000000000333
 ,644,YDR453C,0.9999999997062522, ,0.999999999776289,0.9999999977343429,1.0000000000000333
 ,645,YDR037W,0.9999999997062522, ,0.999999999776289,0.9999999977343429,1.0000000000000333
 ,646,YER178W,0.9605967633875262, ,0.9605967634335072,0.9805080943331383,1.0000000000000333
 ,647,YGR170W,0.9999999997062315, ,0.9999999997651176,1.000000008678487,1.0000000000000333
 ,648,YDL247W,0.9999999997062519, ,1.0000000020081017,1.0000000138179626,1.0000000000000333
 ,649,YFL022C,0.9999999997062519, ,1.0000000020081017,1.0000000138179626,1.0000000000000333
 ,650,YDR047W,0.9999999997062519, ,1.0000000020081017,1.0000000138179626,1.0000000000000333
 ,651,YDR321W,0.9999999997062519, ,1.0000000020081017,1.0000000138179626,1.0000000000000333
 ,652,YNR001C,0.9999999997062519, ,1.0000000020081017,1.0000000138179626,1.0000000000000333
 ,653,YNL071W,0.9605967633876077, ,0.9605967634431358,0.9805081000719613,1.0000000000000333
 ,654,YMR088C,0.9999999997062399, ,0.999999999321387,0.9999999977343769,1.0000000000000333
 ,655,YDR147W,1.0000000002996543, ,0.9999999997824596,0.9999999855439123,1.0000000000000333
 ,656,YDL093W,1.0000000002996543, ,0.9999999997824596,0.9999999855439123,1.0000000000000333
 ,657,YLR295C,0.822271216898494, ,0.8222712177696135,0.40194172414881607,0.0
 ,658,YDR530C,0.9999999997062559, ,0.9999999999120112,0.999999997734443,1.0000000000000153
 ,659,YKL148C,0.9999999997062394, ,0.9999999997471412,0.9999999977343599,0.9999999440823125
 ,660,YKL192C,0.9999999997061743, ,1.000000004292314,0.9999999977343612,0.9999999999999352
 ,661,YKL216W,0.9999999997062762, ,1.000000004292314,0.9999999977343612,0.9999999999999352
 ,662,YER086W,0.9999999997062762, ,1.000000004292314,0.9999999977343612,0.9999999999999352
 ,663,YGL001C,0.0, ,0.0,0.0,0.0
 ,664,YBR291C,1.0000000111627196, ,1.0000000014111754,0.9999999977343583,1.0000000002340967
 ,665,YJR160C,1.0000000111627196, ,1.0000000005081162,0.9999999731000818,0.9999999999999946
 ,666,YPL189W,0.9999999997062978, ,0.9999999997640472,0.9999999977343176,1.000000000199258
 ,667,YLR285W,0.9999999972902707, ,0.9999999985584954,0.9999999977343076,1.0000000000000209
 ,668,YPR156C,0.9999999972902707, ,0.9999999985584954,0.9999999977343076,1.0000000000000209
 ,669,YJL060W,0.9999999972902707, ,0.9999999985584954,0.9999999977343076,1.0000000000000209
 ,670,YOR100C,0.9999999972902707, ,0.9999999985584954,0.9999999977343076,1.0000000000000209
 ,671,YPL252C,0.9999999996965802, ,0.9999999990647196,0.9999999977343454,1.0000000000000038
 ,672,YKR097W,0.9999999972902707, ,0.9999999985584954,0.9999999977343076,0.0
 ,673,YPL172C,0.9999999972902707, ,0.9999999985584954,0.9999999977343076,0.9999999999999971
 ,674,YML042W,0.9999999995554895, ,0.9999999997640713,0.9999999931512016,1.0000000006126266
 ,675,YHR019C,0.9999999996965802, ,0.9999999990647196,0.9999999977343454,1.0000000000000038
 ,676,YNL037C,0.9999999972902707, ,0.9999999985584954,0.9999999977343076,0.9999999999999999
 ,677,YKL211C,0.0, ,0.0,0.0,0.0
 ,678,YDL131W,0.999999997160575, ,0.9999999997002974,0.9999999970957976,1.0000000554012582
 ,679,YMR054W,0.9999999997062315, ,0.9999999996358653,0.9999999977343405,1.000000001806646
 ,680,YIL107C,0.9999999997062315, ,0.9999999996358653,0.9999999977343405,1.000000001806646
 ,681,YER053C,0.9999999997062315, ,0.9999999996358653,0.9999999977343405,1.000000001806646
 ,682,YOR126C,0.9999999997062315, ,0.9999999996358653,0.9999999977343405,1.000000001806646
 ,683,YKR066C,0.9999999997062315, ,0.9999999996358653,0.9999999977343405,1.000000001806646
 ,684,YIR034C,0.0, ,0.0,0.0,0.0
 ,685,YLR081W,0.9999999995493721, ,0.9999999997835722,1.000000009116697,1.0000000000328084
 ,686,YCL050C,0.9999999995081239, ,1.0000000002443452,0.9999999618799106,1.0000000008305496
 ,687,YLR303W,0.9999999995081239, ,1.0000000002443452,0.9999999618799106,1.0000000008305496
 ,688,YER043C,0.0, ,0.0,0.0,0.0
 ,689,YGR087C,0.9999999997020993, ,0.9999999998713887,1.0000000121372437,0.9999999997028689
 ,690,YGL008C,0.9999999997020993, ,0.9999999998713887,1.0000000121372437,0.9999999997028689
 ,691,YJL026W,0.9999999997468261, ,0.9999999997755705,1.0000000211848,1.0000000009562384
 ,692,YOL103W,0.9999999997222903, ,0.9999999997263163,1.0000000127111996,1.0000000009562384
 ,693,YCL025C,0.9999999997222903, ,0.9999999997263163,1.0000000127111996,1.0000000009562384
 ,694,YBR034C,1.0000000003020812, ,0.999999997632606,0.9999999983791208,1.0000000009562384
 ,695,YMR108W,0.0, ,0.0,0.0,0.0
 ,696,YDR272W,0.9999999979358001, ,0.999999995166785,0.999999997983715,0.9999999940812576
 ,697,YGR289C,0.9999999997062569, ,0.9999999997914147,0.9999999978584908,1.0000000000001377
 ,698,YGR157W,0.0, ,0.0,0.0,0.0
 ,699,YJR143C,0.9999999999857625, ,0.9999999997582109,0.9999999964097082,1.0000000000331817
 ,700,YBR196C,0.8040663862650214, ,0.40812331048998457,0.0,0.0
 ,701,YMR083W,0.9999999995536225, ,0.9999999997640503,0.9999999977343171,1.0000000000006695
 ,702,YGR147C,0.9999999997224815, ,0.9999999996757831,0.9999999959699293,0.9999999999999745
 ,703,YFL018C,0.960596763387625, ,0.9605967642866201,0.9755177182178915,0.9921810499889985
 ,704,YMR261C,0.9999999998517248, ,0.9999999997640964,0.9999999977342616,0.9999999999999932
 ,705,YBR018C,0.9999999997462734, ,0.0,0.9999999977103942,0.9999999999999967
 ,706,YLR142W,0.9999999997462734, ,0.9999999991713568,1.0000000262063475,0.9999999999999967
 ,707,YBR006W,0.9999999996154643, ,0.9999999965887765,0.9999999977343432,0.9999999995908198
 ,708,YLR038C,0.757180384533032, ,0.7571803803710183,0.0,0.0
 ,709,YJL139C,0.9999999997062283, ,0.9999999997640591,0.9999999973101098,1.0000000025053848
 ,710,YDL015C,1.0000000034935015, ,0.9999999997640655,0.9999999979403276,0.9999999999999961
 ,711,YHR068W,1.0000000034935015, ,0.9999999997640655,0.9999999979403276,0.9999999999999961
 ,712,YCR036W,1.0000000034935015, ,0.9999999997640655,0.9999999979403276,0.9999999999999961
 ,713,YGR287C,1.0000000034935015, ,0.9999999997640655,0.9999999979403276,0.9999999999999961
 ,714,YER015W,1.0000000034935015, ,0.9999999997640655,0.9999999979403276,0.9999999999999961
 ,715,YBR166C,1.0000000034935015, ,0.9999999997640591,0.9999999974179639,0.9999999999999961
 ,716,YMR170C,1.0000000034935015, ,0.9999999993544225,0.9999999978407104,0.9999999999999961
 ,717,YIL155C,1.0000000034935015, ,0.9999999998408059,0.9999999979403276,1.0000000115483403
 ,718,YGR171C,1.0000000034935015, ,0.9999999998408059,0.9999999979403276,0.9999999994066746
 ,719,YJR121W,0.8222712169060606, ,0.8222712134042247,0.40194170386501327,0.0
 ,720,YDR035W,0.9999999993969437, ,0.9999999998303487,0.9999999960426965,0.999999999999998
 ,721,YGR055W,0.9999999997062801, ,0.9999999995695643,1.0000000181111448,1.0000000004183602
 ,722,YDR502C,0.9999999997062801, ,0.9999999995695643,1.0000000181111448,1.0000000004183602
 ,723,YGR065C,0.9999999997159457, ,0.9999999877001561,0.999999997732964,0.9999999999999367
 ,724,YER062C,0.9999999997159457, ,0.9999999877001561,0.999999997732964,0.9999999999999367
 ,725,YPR192W,0.9999999997159457, ,0.9999999877001561,0.999999997732964,0.9999999999999367
 ,726,YGR247W,0.9999999997159457, ,0.9999999877001561,0.999999997732964,0.9999999999999367
 ,727,YDR098C,0.9999999997159457, ,0.9999999877001561,0.999999997732964,0.9999999999999367
 ,728,YLR245C,0.9999999997159457, ,0.9999999877001561,0.999999997732964,0.9999999999999367
 ,729,YHR092C,0.9999999997159457, ,0.9999999877001561,0.999999997732964,0.9999999999999367
 ,730,YNR016C,0.0, ,0.0,0.0,0.0
 ,731,YPR026W,0.9999999995058719, ,0.9999999996621676,0.9999999977342564,1.0000000000000298
 ,732,YLR070C,0.9999999995058719, ,1.0000000000225187,0.9999999977366861,1.0000000000000298
 ,733,YIL078W,0.9999999996732116, ,1.0000000008500656,0.9999999977384868,1.0000000000160572
 ,734,YBR023C,0.9999999997062581, ,0.999999997598139,0.9999999977343103,0.9999999999999916
 ,735,YNL052W,1.0000000010718777, ,0.999999999931673,1.0000000023337159,1.0000000000000158
 ,736,YGL184C,1.0000000010718777, ,0.999999999931673,1.0000000023337159,1.0000000000000158
 ,737,YBL042C,1.0000000010718777, ,0.999999999931673,1.0000000023337159,1.0000000000000158
 ,738,YNR008W,0.9999999997060189, ,1.0000000149976283,0.9999999977111296,0.9999999999998828
 ,739,YBR249C,1.0000000010718777, ,0.999999999931673,1.0000000023337159,1.0000000000000158
 ,740,YLR155C,1.0000000010718777, ,0.999999999931673,1.0000000023337159,1.0000000000000158
 ,741,YEL069C,0.99999999970625, ,1.0000000015084674,0.9999999977343514,1.000000000000045
 ,742,YDR341C,1.0000000010718777, ,0.999999999931673,1.0000000023337159,1.0000000000000158
 ,743,YLL052C,1.0000000010718777, ,0.999999999931673,1.0000000023337159,1.0000000000000158
 ,744,YGR012W,0.9999999972902707, ,0.9999999985584954,0.9999999977343076,1.0000000000000209
 ,745,YBR084W,1.0000000010718777, ,0.999999999931673,1.0000000023337159,1.0000000000000158
 ,746,YDR127W,-6.831380730476469e-10, ,0.0,0.0,0.0
 ,747,YGR202C,0.9999999997237894, ,0.9999999996529552,0.9999999976527506,1.000000016136853
 ,748,YEL063C,0.9999999996154643, ,0.9999999965887765,0.9999999881686084,0.9999999998064858
 ,749,YKL120W,1.00000000740546, ,0.9999999997640758,0.9999999977344681,0.9999999998482606
 ,750,YJR057W,0.9999999993381758, ,0.999999999931673,0.9999999977343234,0.9999999999999674
 ,751,YJL045W,0.9999999997062508, ,0.9999999999487514,0.9999999975565507,0.9999999999999888
 ,752,YKL127W,0.9999999997062508, ,0.9999999999487514,0.9999999975565507,0.9999999999999888
 ,753,YPR001W,0.9999999997062888, ,0.999999997421381,0.9999999977330299,0.999999985325957
 ,754,YMR011W,0.999999999706257, ,0.999999999764008,0.9999999977343439,1.000000000651129
 ,755,YEL024W,0.7627134308089799, ,0.7627134310001298,0.0,0.0
 ,756,YJL126W,0.9999999997980797, ,0.9999999987688353,0.9999999949329248,0.9999999994066371
 ,757,YKL067W,0.0, ,0.0,0.0,0.0
 ,758,YLR158C,0.9999999996922522, ,1.000000004970636,0.9999999969544832,0.9999999999231081
 ,759,YIL099W,0.9999999997062572, ,1.0000000149976283,0.9999999981102528,0.9999999999998828
 ,760,YJR009C,0.9999999997062572, ,1.0000000149976283,0.9999999981102528,0.9999999999998828
 ,761,YPR145W,0.9999999997062572, ,1.0000000149976283,0.9999999981102528,0.9999999999998828
 ,762,YDR023W,0.9999999997062572, ,1.0000000149976283,0.9999999981102528,0.9999999999998828
 ,763,YOR375C,0.9999999997062572, ,1.0000000149976283,0.9999999981102528,0.9999999999998828
 ,764,YOR347C,0.9999999997062572, ,1.0000000149976283,0.9999999981102528,0.9999999999998828
 ,765,YLR092W,0.9999999997062572, ,1.0000000149976283,0.9999999981102528,0.9999999999998828
 ,766,YKL141W,0.9999999995770339, ,0.9999999998303487,0.9999999960426965,0.9999999999999963
 ,767,YDR072C,0.9999999997062572, ,1.0000000149976283,0.9999999981102528,0.9999999999998828
 ,768,YDR298C,0.8222712169015097, ,0.8222712062312749,0.40194170964730097,0.0
 ,769,YIL020C,0.9999999997063522, ,0.9999999997740111,0.9999999981193958,1.000000000000015
 ,770,YBR208C,0.9999999997866333, ,1.0000000008920338,0.9999999971745339,0.9999999986334386
 ,771,YOL059W,0.999999989302301, ,0.9999999997640507,1.0000000498489656,1.0000000005934382
 ,772,YOR099W,1.0000000018138822, ,0.9999999997640647,1.0000000498489656,0.9999999999999444
 ,773,YER056C,0.9999999997062494, ,0.999999998576493,0.9999999977342763,0.9999999999999705
 ,774,YML100W,1.0000000018138822, ,0.9999999997640647,1.0000000498489656,0.9999999999999444
 ,775,YNL117W,0.9999999983883264, ,0.9999999998303487,0.9999999960426965,0.999999999999998
 ,776,YKL150W,1.0000000018138822, ,0.9999999997640647,1.0000000498489656,0.9999999999999444
 ,777,YMR105C,1.0000000018138822, ,0.9999999997640647,1.0000000498489656,0.9999999999999444
 ,778,YHR026W,1.0000000018138822, ,0.9999999997640647,1.0000000498489656,0.9999999999999444
 ,779,YPL160W,1.0000000018138822, ,0.9999999997640647,1.0000000498489656,0.9999999999999444
 ,780,YHR043C,1.0000000018138822, ,0.9999999997640647,1.0000000498489656,0.9999999999999444
 ,781,YBR011C,0.9772891754153379, ,0.9772891819616469,0.9785082040008395,0.9512269142480083
 ,782,YGR037C,0.0, ,0.0,0.0,0.0
 ,783,YLR172C,0.9999999998235896, ,0.9999999958499229,0.9999999977343813,0.9999999953515127
 ,784,YPL091W,0.99999999970625, ,1.0000000015084674,0.9999999977343514,1.000000000000045
 ,785,YBL039C,0.99999999970625, ,1.0000000015084674,0.9999999977343514,1.000000000000045
 ,786,YNR058W,0.99999999970625, ,1.0000000015084674,0.9999999977343514,1.000000000000045
 ,787,YML096W,0.99999999970625, ,1.0000000015084674,0.9999999977343514,1.000000000000045
 ,788,YPL147W,1.0000000010718777, ,0.999999999931673,1.0000000023337159,1.0000000000000158
 ,789,YOR323C,0.99999999970625, ,1.0000000015084674,0.9999999977343514,1.000000000000045
 ,790,YDR300C,0.99999999970625, ,1.0000000015084674,0.9999999977343514,1.000000000000045
 ,791,YML106W,0.99999999970625, ,1.0000000015084674,0.9999999977343514,1.000000000000045
 ,792,YJL214W,0.99999999970625, ,1.0000000015084674,0.9999999977343514,1.000000000000045
 ,793,YMR169C,0.99999999970625, ,1.0000000015084674,0.9999999977343514,1.000000000000045
 ,794,YLR240W,0.99999999970625, ,1.0000000015084674,0.9999999977343514,1.000000000000045
 ,795,YER026C,0.0, ,0.0,0.0,0.0
 ,796,YPR069C,0.9999999996516808, ,0.9999999997640614,0.9999999979570339,0.999999999999993
 ,797,YMR215W,0.9999999997062747, ,0.9999999997640713,0.9999999977394932,0.9999999917803813
 ,798,YOL151W,0.9999999983883264, ,0.9999999998303487,0.9999999960426965,1.0000000000000029
 ,799,YJR095W,0.9999999997062747, ,0.9999999997640713,0.9999999977394932,0.9999999917803813
 ,800,YOL143C,0.0, ,0.0,0.0,0.0
 ,801,YCR024C-A,0.9999999972902707, ,0.9999999985584954,0.9999999977343076,1.0000000000000209
 ,802,YOR142W,0.9864981021181332, ,0.986498101681571,0.9999999931512016,1.0000000006126266
 ,803,YPL281C,0.9999999997091901, ,0.9999999997988248,0.9999999931512016,1.0000000006126266
 ,804,YOR040W,1.0000000035286547, ,0.9999999997672928,0.9999999931512016,1.0000000006126266
 ,805,YFR033C,0.7627134308707856, ,0.7627134309148876,0.0,0.0
 ,806,YEL046C,0.9999999974358401, ,0.9999999994846558,0.9905932229127834,1.0000000096662507
 ,807,YBR192W,0.999999997160575, ,0.9999999997442508,0.9999999977343883,0.9999999712218294
 ,808,YLR020C,1.0000000002425764, ,0.9999999996133759,0.9999999952341677,1.0000000000000193
 ,809,YDL022W,1.0000000091765637, ,0.9999999997642687,1.0000000044169703,0.9999999546114744
 ,810,YPR021C,0.9974718284610622, ,0.9974718316559333,1.0000000085349892,1.0000000000000193
 ,811,YLR044C,0.99999999992746, ,1.0000000018697357,1.0000000085349892,1.0000000000000193
 ,812,YLL018C,0.9999999997238544, ,0.9999999997640661,1.0000000085349892,1.0000000000000193
 ,813,YDL078C,0.9999999997238544, ,0.9999999997640661,1.0000000085349892,1.0000000000000193
 ,814,YPR060C,0.0, ,0.0,0.0,0.0
 ,815,YMR271C,0.9999999997063038, ,0.9999999997640686,0.9999999997828535,1.000000000034032
 ,816,YOR074C,0.0, ,0.0,0.0,0.0
 ,817,YBR221C,0.9605967633875925, ,0.9605967634431092,0.9805080941737013,1.0000000000000009
 ,818,YLR146C,0.999999999720135, ,0.9999999997543849,0.9999999977099484,1.0000000074948776
 ,819,YOR155C,0.9999999997061946, ,0.9999999997639677,0.9999999978318255,1.0000000008932208
 ,820,YHR174W,0.9999999997062642, ,0.9999999997640914,0.9999999868562603,0.999999999827097
 ,821,YIR032C,0.9999999997062642, ,0.9999999997640914,0.9999999868562603,0.999999999827097
 ,822,YCL009C,0.0, ,0.0,0.0,0.0
 ,823,YJL121C,0.9973119627101082, ,0.9973119643489354,0.9884886430692814,0.994152809421248
 ,824,YMR208W,0.0, ,0.0,0.0,0.0
 ,825,YKL008C,0.9999999974382324, ,0.9999999997640792,0.9999999977341998,0.9999999999999698
 ,826,YMR189W,0.9999999997253095, ,0.9999999997644793,0.9948097880566859,0.9921810337345676
 ,827,YNL029C,0.9999999989559197, ,1.000000000153542,0.9999999977343447,0.9999999999999062
 ,828,YKL140W,0.9999999989559197, ,1.000000000153542,0.9999999977343447,0.9999999999999062
 ,829,YPL069C,0.9999999989559197, ,1.000000000153542,0.9999999977343447,0.9999999999999062
 ,830,YBR093C,0.9999999989559197, ,1.000000000153542,0.9999999977343447,0.9999999999999062
 ,831,YJL196C,1.0000000005453318, ,0.9999999997640452,0.9999999977343362,0.9999999999999949
 ,832,YPR160W,0.9999999990808752, ,0.9999999997640792,0.9999999977342447,0.9999999990223544
 ,833,YGR175C,0.0, ,0.0,0.0,0.0
 ,834,YIL145C,0.9999999997062607, ,1.0000000014383374,0.9999999977343218,0.9999999999999957
 ,835,YEL041W,0.9999999997062607, ,1.0000000014383374,0.9999999977343218,0.9999999999999957
 ,836,YLR058C,0.9838545864176571, ,0.9838545864744728,0.9832493909713491,0.9875009121666459
 ,837,YGR240C,0.24463490539888658, ,0.18605378035839584,0.9999999977343205,0.9999999999999993
 ,838,YBR058C-A,0.9999999996678756, ,0.9999999997347837,0.9999999977343397,1.0000000000000013
 ,839,YJR137C,0.999999997160575, ,0.9999999997640091,1.0000000062432077,1.0000000000000013
 ,840,YNR012W,0.9986178448674906, ,0.9986178488152391,0.9986935680195332,0.9990399270476195
 ,841,YLR134W,0.9999999996589471, ,0.9999999997640096,1.0000000021472335,1.0000000000000469
 ,842,YMR020W,0.9999999987687743, ,0.9999999997640844,0.9999999957104684,1.0000000000000024
 ,843,YDR111C,0.9979811454155333, ,0.9979811447839328,0.9986452008527754,0.9945660856761914
 ,844,YPL110C,1.000000000509063, ,0.9999999997640688,0.9999999977344457,1.0000000011450738
 ,845,YDR377W,0.8222712169013761, ,0.8222712169488986,0.4019417044266133,0.0
 ,846,YIL010W,0.9999999997062705, ,0.9999999997640505,0.9999999977342885,0.9999999999999919
 ,847,YBR298C,0.9999999997062581, ,0.999999999770187,0.9999999977343103,1.000000000000004
 ,848,YHR091C,0.9999999997062581, ,0.999999997598139,0.9999999977343103,0.9999999999999916
 ,849,YHR072W,0.0, ,0.0,0.0,0.0
 ,850,YKL001C,0.9999999997062581, ,0.999999997598139,0.9999999977343103,0.9999999999999916
 ,851,YNL106C,0.9999999997062581, ,0.999999997598139,0.9999999977343103,0.9999999999999916
 ,852,YPL231W,0.0, ,0.0,0.0,0.0
 ,853,YIL066C,0.9999999996705573, ,0.9999999997639923,0.999999998890463,1.000000002739083
 ,854,YHR183W,0.9999999996705573, ,0.9999999997639923,0.999999998890463,1.000000002739083
 ,855,YGL253W,0.9999999996705573, ,0.9999999997639923,0.999999998890463,1.000000002739083
 ,856,YFR015C,0.9999999996705573, ,0.9999999997639923,0.999999998890463,1.000000002739083
 ,857,YDR345C,0.9999999996705573, ,0.9999999997639923,0.999999998890463,1.000000002739083
 ,858,YHL032C,1.0000000067003845, ,0.9999999986959489,0.9999999972603808,1.0000000000000047
 ,859,YIL002C,1.0000000067003845, ,0.9999999986959489,0.9999999972603808,1.0000000000000047
 ,860,YPR035W,-3.4156903652382347e-10, ,0.0,0.0,0.0
 ,861,YNR041C,1.0000000067003845, ,0.9999999986959489,0.9999999972603808,1.0000000000000047
 ,862,YJL068C,1.0000000067003845, ,0.9999999986959489,0.9999999972603808,1.0000000000000047
 ,863,YMR306W,0.9999999997442187, ,0.9999999997640178,1.0000000273628051,0.9999999999999967
 ,864,YLR138W,0.999999999732473, ,1.0000000003939236,0.9999999977343413,1.0000000000000187
 ,865,YDR148C,0.9864981016245744, ,0.9864981016816282,0.9999999935538553,1.0000000000000047
 ,866,YHR046C,0.0006282200732789731, ,0.0006282200733152907,0.002126978059945493,0.006204238133342107
 ,867,YOL132W,0.9999999997158027, ,0.9999999997640505,0.9999999976812269,1.0000000002719394
 ,868,YHR096C,0.9999999997158027, ,0.9999999997640505,0.9999999976812269,1.0000000002719394
 ,869,YHR216W,0.9999999997158027, ,0.9999999997640505,0.9999999976812269,1.0000000002719394
 ,870,YKR061W,1.0000000133793243, ,0.9999999997640638,1.000000018897644,0.9999999999998852
 ,871,YOR278W,0.9999999997192192, ,0.9999999997641219,0.9999999947428029,1.0000000630621027
 ,872,YOL052C,0.9999999997192192, ,0.9999999997641219,0.9999999947428029,1.0000000630621027
 ,873,YKR031C,0.9999999997192192, ,0.9999999997641219,0.9999999947428029,1.0000000630621027
 ,874,YDL141W,0.9999999997192192, ,0.9999999997641219,0.9999999947428029,1.0000000630621027
 ,875,YHR051W,0.757180380327222, ,0.7571803803710204,0.0,0.0
 ,876,YHL003C,0.999999999706247, ,0.9999999995931128,0.9999999977345324,1.0000000062096464
 ,877,YJL155C,0.9999999997062747, ,0.9999999985699947,0.9999999977343649,0.9999999999999936
 ,878,YDR342C,0.9999999997062747, ,0.9999999985699947,0.9999999977343649,0.9999999999999936
 ,879,YLR284C,0.9999999997062747, ,0.9999999985699947,0.9999999977343649,0.9999999999999936
 ,880,YPL078C,0.8222712198465008, ,0.8222712212603125,0.40194172699416425,0.0
 ,881,YOR125C,0.9999999997062265, ,0.9999999997640886,0.9999999975499357,0.9999999999804378
 ,882,YDR400W,0.9999999997062575, ,1.000000001440888,0.9999999977202868,1.0000000000000278
 ,883,YDR508C,0.9999999997062494, ,0.999999998576493,0.9999999977342763,0.9999999999999705
 ,884,YLL048C,0.9999999997062888, ,0.999999997421381,0.9999999977330299,0.999999985325957
 ,885,YGL234W,-6.673148248907666e-13, ,5.629382660006328e-10,0.0,-8.334793505688977e-12
 ,886,YOL055C,0.9999999997062494, ,0.999999998576493,0.9999999977342763,0.9999999999999705
 ,887,YLR304C,0.9999999997062575, ,1.000000000378781,0.9999999977202868,1.000000000023918
 ,888,YFR053C,0.9999999997062575, ,1.000000000378781,0.9999999977202868,1.000000000023918
 ,889,YOR065W,0.7627134323812397, ,0.7627134302728115,0.0,0.0
 ,890,YDR001C,0.9999999996729022, ,0.9999999998534903,0.9999999977342796,0.9999999999999863
 ,891,YIL162W,1.0000000002499123, ,1.0000000039127392,0.9999999977343436,0.9999999999999793
 ,892,YDR294C,1.0000000002499123, ,1.0000000039127392,0.9999999977343436,0.9999999999999793
 ,893,YGL187C,0.757180380317956, ,0.7571803813924505,0.0,0.0
 ,894,YBL011W,0.9999999997062559, ,0.9999999997640677,0.9999999977683669,0.9999999997487392
 ,895,YBR001C,0.9999999997062559, ,0.9999999997640677,0.9999999977683669,0.9999999997487392
 ,896,YER019W,0.9999999990145176, ,0.9999999997640668,0.9999999868562603,0.9999999999999244
 ,897,YDR529C,0.7627134308705766, ,0.7627134309880866,0.0,0.0
 ,898,YER060W-A,0.9999999944258366, ,0.9999999998538225,1.0000000007350587,1.0000000000000178
 ,899,YOR317W,0.9999999944258366, ,0.9999999998538225,1.0000000007350587,1.0000000000000178
 ,900,YBR299W,0.9999999944258366, ,0.9999999998538225,1.0000000007350587,1.0000000000000178
 ,901,YJR066W,0.9999999944258366, ,0.9999999998538225,1.0000000007350587,1.0000000000000178
 ,902,YAL022C,0.9999999991928142, ,0.99999999976417,1.0000000207897164,0.999999999999999
 ,903,YLR328W,0.9999999991928142, ,0.99999999976417,1.0000000207897164,0.999999999999999
 ,904,YLR100W,0.0, ,0.0,0.0,0.0
 ,905,YIR028W,0.9999999997062607, ,0.9999999998069885,0.9999999977343262,0.9999999999999934
